监测站,AQI,空气质量等级,PM2.5,PM10,首要污染物
北京农展馆,38,优,15 μg/m3,37 μg/m3,
北京昌平镇,27,优,19 μg/m3,-,
北京海淀区万柳,26,优,18 μg/m3,20 μg/m3,
北京万寿西宫,26,优,18 μg/m3,-,
北京定陵,24,优,15 μg/m3,24 μg/m3,
北京官园,24,优,17 μg/m3,-,
北京东四,23,优,16 μg/m3,-,
北京奥体中心,21,优,15 μg/m3,-,
北京顺义新城,21,优,15 μg/m3,-,
北京天坛,20,优,14 μg/m3,18 μg/m3,
北京古城,19,优,11 μg/m3,19 μg/m3,
北京怀柔镇,16,优,11 μg/m3,14 μg/m3,
上海浦东川沙,31,优,16 μg/m3,30 μg/m3,
上海青浦淀山湖,31,优,22 μg/m3,27 μg/m3,
上海静安监测站,28,优,16 μg/m3,27 μg/m3,
上海十五厂,28,优,20 μg/m3,26 μg/m3,
上海杨浦四漂,27,优,13 μg/m3,26 μg/m3,
上海普陀,24,优,17 μg/m3,-,
上海徐汇上师大,23,优,15 μg/m3,23 μg/m3,
上海虹口,20,优,5 μg/m3,20 μg/m3,
上海浦东新区监测站,20,优,10 μg/m3,20 μg/m3,
上海浦东张江,-,-,-,-,-
天津永明路,41,优,29 μg/m3,34 μg/m3,
天津中山北路,40,优,9 μg/m3,39 μg/m3,
天津第四大街,39,优,20 μg/m3,38 μg/m3,
天津大直沽八号路,34,优,8 μg/m3,33 μg/m3,
天津团泊洼(对照点),34,优,22 μg/m3,33 μg/m3,
天津河西一经路,30,优,10 μg/m3,29 μg/m3,
天津前进道,29,优,16 μg/m3,28 μg/m3,
天津西四道,28,优,20 μg/m3,-,
天津勤俭道,26,优,16 μg/m3,25 μg/m3,
天津汉北路,21,优,15 μg/m3,-,
天津津沽路,20,优,14 μg/m3,17 μg/m3,
天津宾水西道,19,优,13 μg/m3,19 μg/m3,
天津大理道,-,-,-,-,-
天津淮河道,-,-,-,-,-
天津跃进路,-,-,-,-,-
重庆礼嘉,71,良,38 μg/m3,90 μg/m3,PM10
重庆缙云山（对照点）,55,良,38 μg/m3,44 μg/m3,PM2.5
重庆天生,55,良,31 μg/m3,58 μg/m3,PM10
重庆上清寺,53,良,22 μg/m3,54 μg/m3,PM10
重庆唐家沱,53,良,26 μg/m3,55 μg/m3,PM10
重庆空港,52,良,36 μg/m3,53 μg/m3,PM10
重庆龙井湾,50,优,30 μg/m3,49 μg/m3,
重庆两路,49,优,30 μg/m3,48 μg/m3,
重庆蔡家,46,优,24 μg/m3,45 μg/m3,
重庆南坪,44,优,16 μg/m3,43 μg/m3,
重庆歇台子,40,优,22 μg/m3,39 μg/m3,
重庆新山村,40,优,19 μg/m3,39 μg/m3,
重庆虎溪,39,优,17 μg/m3,38 μg/m3,
重庆龙洲湾,30,优,12 μg/m3,29 μg/m3,
重庆白市驿,29,优,17 μg/m3,28 μg/m3,
重庆茶园,24,优,14 μg/m3,24 μg/m3,
重庆鱼新街,21,优,11 μg/m3,21 μg/m3,
广州广雅中学,69,良,41 μg/m3,86 μg/m3,PM10
广州市五中,62,良,44 μg/m3,61 μg/m3,PM2.5
广州市监测站,61,良,43 μg/m3,70 μg/m3,PM10
广州麓湖,56,良,38 μg/m3,61 μg/m3,PM10
广州九龙镇镇龙,55,良,33 μg/m3,59 μg/m3,PM10
广州番禺中学,53,良,32 μg/m3,55 μg/m3,PM10
广州花都师范,53,良,37 μg/m3,54 μg/m3,PM10
广州体育西,53,良,33 μg/m3,54 μg/m3,PM10
广州市八十六中,47,优,29 μg/m3,46 μg/m3,
广州帽峰山森林公园,43,优,29 μg/m3,42 μg/m3,
广州广东商学院,-,-,-,-,-
南京瑞金路,54,良,30 μg/m3,56 μg/m3,PM10
南京山西路,50,优,35 μg/m3,-,
南京中华门,48,优,17 μg/m3,47 μg/m3,
南京浦口,34,优,24 μg/m3,28 μg/m3,
南京奥体中心,23,优,10 μg/m3,23 μg/m3,
南京迈皋桥,23,优,16 μg/m3,19 μg/m3,
南京仙林大学城,22,优,14 μg/m3,22 μg/m3,
南京草场门,14,优,10 μg/m3,10 μg/m3,
南京玄武湖,13,优,9 μg/m3,10 μg/m3,
杭州城厢镇,53,良,25 μg/m3,54 μg/m3,PM10
杭州朝晖五区,43,优,23 μg/m3,42 μg/m3,
杭州滨江,41,优,18 μg/m3,40 μg/m3,
杭州临平镇,40,优,16 μg/m3,39 μg/m3,
杭州浙江农大,40,优,18 μg/m3,39 μg/m3,
杭州和睦小学,37,优,18 μg/m3,36 μg/m3,
杭州下沙,37,优,20 μg/m3,36 μg/m3,
杭州卧龙桥,34,优,18 μg/m3,33 μg/m3,
杭州西溪,32,优,11 μg/m3,31 μg/m3,
杭州云栖,30,优,16 μg/m3,29 μg/m3,
杭州千岛湖,23,优,16 μg/m3,23 μg/m3,
鞍山铁西工业园区,55,良,38 μg/m3,51 μg/m3,PM2.5
鞍山明达新区,53,良,32 μg/m3,55 μg/m3,PM10
鞍山深沟寺,53,良,37 μg/m3,48 μg/m3,PM2.5
鞍山铁西三道街,52,良,34 μg/m3,52 μg/m3,PM10
鞍山太阳城,51,良,31 μg/m3,50 μg/m3,PM10
鞍山千山,28,优,15 μg/m3,27 μg/m3,
鞍山太平,-,-,-,-,-
安庆大学(191227更为评价点),69,良,50 μg/m3,58 μg/m3,PM2.5
安庆环科院,68,良,44 μg/m3,85 μg/m3,PM10
安庆马山宾馆,68,良,48 μg/m3,84 μg/m3,PM10
安庆市人大,64,良,46 μg/m3,71 μg/m3,PM2.5
安顺娄家坡,38,优,26 μg/m3,37 μg/m3,
安顺伍家关(对照点),37,优,26 μg/m3,28 μg/m3,
安顺凤凰山,33,优,23 μg/m3,32 μg/m3,
安顺金钟山,-,-,-,-,-
安阳安钢职工学校,59,良,16 μg/m3,66 μg/m3,PM10
安阳信访局,49,优,11 μg/m3,48 μg/m3,
安阳银杏小区,45,优,16 μg/m3,44 μg/m3,
安阳棉研所(对照点),42,优,15 μg/m3,41 μg/m3,
安阳红庙街,37,优,13 μg/m3,36 μg/m3,
安康汉滨区检察院,48,优,34 μg/m3,37 μg/m3,
安康市监测站,37,优,26 μg/m3,36 μg/m3,
安康香溪洞,30,优,21 μg/m3,23 μg/m3,
阿坝州州农科所,26,优,18 μg/m3,18 μg/m3,
阿坝州州监测站,17,优,7 μg/m3,17 μg/m3,
阿坝州马师校,10,优,6 μg/m3,10 μg/m3,
阿克苏地区艺术中心,127,轻度污染,49 μg/m3,202 μg/m3,PM10
阿克苏地区电视台,118,轻度污染,47 μg/m3,185 μg/m3,PM10
阿拉善盟环保局新楼,17,优,12 μg/m3,14 μg/m3,
阿拉善盟盟环保楼,15,优,10 μg/m3,15 μg/m3,
阿拉善盟体育场,10,优,7 μg/m3,9 μg/m3,
阿勒泰地区市站,17,优,6 μg/m3,17 μg/m3,
阿勒泰地区小东沟,14,优,10 μg/m3,-,
阿里地区藏医院,43,优,15 μg/m3,42 μg/m3,
阿里地区阿里监测站,27,优,5 μg/m3,26 μg/m3,
宝鸡庙沟村,68,良,13 μg/m3,85 μg/m3,PM10
宝鸡陈仓环保局,43,优,13 μg/m3,42 μg/m3,
宝鸡文理学院,41,优,11 μg/m3,40 μg/m3,
宝鸡监测站,38,优,13 μg/m3,37 μg/m3,
宝鸡技工学校,36,优,10 μg/m3,35 μg/m3,
宝鸡竹园沟,29,优,11 μg/m3,28 μg/m3,
宝鸡三迪小学,19,优,13 μg/m3,-,
宝鸡三陆医院,-,-,-,-,-
包头东河城环局,67,良,22 μg/m3,82 μg/m3,PM10
包头市环境监测站,40,优,12 μg/m3,39 μg/m3,
包头青山宾馆,37,优,20 μg/m3,36 μg/m3,
包头东河鸿龙湾,36,优,16 μg/m3,35 μg/m3,
包头昆区政府,24,优,7 μg/m3,24 μg/m3,
包头惠龙物流,-,-,-,-,-
保定地表水厂,47,优,13 μg/m3,46 μg/m3,
保定胶片厂,41,优,13 μg/m3,40 μg/m3,
保定监测站,40,优,14 μg/m3,39 μg/m3,
保定接待中心,39,优,13 μg/m3,38 μg/m3,
保定游泳馆,36,优,16 μg/m3,35 μg/m3,
保定华电二区,33,优,17 μg/m3,32 μg/m3,
白城市环保局,6,优,4 μg/m3,5 μg/m3,
白城洮北区环保局,13,优,9 μg/m3,-,
蚌埠学院,95,良,71 μg/m3,123 μg/m3,PM2.5
蚌埠百货大楼,77,良,-,103 μg/m3,PM10
蚌埠工人疗养院,105,轻度污染,79 μg/m3,107 μg/m3,PM2.5
蚌埠田家炳中学,103,轻度污染,77 μg/m3,122 μg/m3,PM2.5
蚌埠高新区,102,轻度污染,76 μg/m3,117 μg/m3,PM2.5
蚌埠淮上区政府,102,轻度污染,76 μg/m3,116 μg/m3,PM2.5
本溪大峪,58,良,26 μg/m3,64 μg/m3,PM10
本溪溪湖,41,优,27 μg/m3,40 μg/m3,
本溪东明,33,优,8 μg/m3,32 μg/m3,
本溪彩屯,32,优,18 μg/m3,31 μg/m3,
本溪新立屯,19,优,13 μg/m3,16 μg/m3,
本溪威宁,-,-,-,-,-
白山环保局,32,优,7 μg/m3,31 μg/m3,
白山喜丰,17,优,8 μg/m3,17 μg/m3,
白银豫源饭店,24,优,13 μg/m3,24 μg/m3,
白银动力公司,16,优,5 μg/m3,16 μg/m3,
亳州污水处理厂,57,良,36 μg/m3,63 μg/m3,PM10
亳州三国揽胜宫,49,优,34 μg/m3,48 μg/m3,
保山市环境监测站,21,优,15 μg/m3,-,
保山市环保局,11,优,8 μg/m3,-,
巴中职业中学,50,优,35 μg/m3,48 μg/m3,
巴中丽阳花园,41,优,29 μg/m3,39 μg/m3,
巴中圣泉水务公司,35,优,24 μg/m3,34 μg/m3,
巴中苏山坪,30,优,21 μg/m3,23 μg/m3,
北海牛尾岭水库,74,良,54 μg/m3,78 μg/m3,PM2.5
北海新市环保局,68,良,49 μg/m3,70 μg/m3,PM2.5
北海海滩公园,67,良,48 μg/m3,65 μg/m3,PM2.5
北海工业园,-,-,-,-,-
毕节师专,64,良,46 μg/m3,58 μg/m3,PM2.5
毕节八中,59,良,42 μg/m3,55 μg/m3,PM2.5
滨州第二水厂,36,优,11 μg/m3,35 μg/m3,
滨州北中新校,19,优,3 μg/m3,19 μg/m3,
滨州市环保局,18,优,8 μg/m3,18 μg/m3,
百色市中心血站,37,优,26 μg/m3,32 μg/m3,
百色市监测站,34,优,21 μg/m3,33 μg/m3,
博州市环保局,59,良,18 μg/m3,66 μg/m3,PM10
博州博乐市西郊区,49,优,11 μg/m3,48 μg/m3,
巴彦淖尔附中,31,优,10 μg/m3,30 μg/m3,
巴彦淖尔市环保大楼,30,优,12 μg/m3,29 μg/m3,
巴彦淖尔秋林养殖基地,24,优,17 μg/m3,-,
成都大石西路,66,良,41 μg/m3,80 μg/m3,PM10
成都十里店,63,良,45 μg/m3,67 μg/m3,PM2.5
成都沙河铺,57,良,36 μg/m3,63 μg/m3,PM10
成都君平街,55,良,37 μg/m3,58 μg/m3,PM10
成都三瓦窑,52,良,36 μg/m3,47 μg/m3,PM2.5
成都龙泉驿区区政府,46,优,32 μg/m3,40 μg/m3,
成都金泉两河,44,优,30 μg/m3,43 μg/m3,
成都灵岩寺,34,优,21 μg/m3,33 μg/m3,
长春甩湾子,32,优,14 μg/m3,31 μg/m3,
长春邮电学院,31,优,9 μg/m3,30 μg/m3,
长春食品厂,24,优,11 μg/m3,24 μg/m3,
长春岱山公园,17,优,11 μg/m3,17 μg/m3,
长春劳动公园,17,优,8 μg/m3,17 μg/m3,
长春经开区环卫处,16,优,9 μg/m3,16 μg/m3,
长春园林处,16,优,11 μg/m3,16 μg/m3,
长春高新区管委会,14,优,10 μg/m3,11 μg/m3,
长春净月潭,13,优,8 μg/m3,13 μg/m3,
长春客车厂,-,-,-,-,-
承德铁路,52,良,17 μg/m3,53 μg/m3,PM10
承德中国银行,45,优,12 μg/m3,44 μg/m3,
承德文化中心,35,优,16 μg/m3,34 μg/m3,
承德开发区,34,优,19 μg/m3,33 μg/m3,
承德离宫,31,优,20 μg/m3,30 μg/m3,
沧州市环保局,41,优,18 μg/m3,40 μg/m3,
沧州电视转播站,36,优,10 μg/m3,35 μg/m3,
沧州沧县城建局,-,-,-,-,-
赤峰银河街,43,优,16 μg/m3,42 μg/m3,
赤峰哈达街,18,优,7 μg/m3,18 μg/m3,
赤峰松山一中,16,优,3 μg/m3,16 μg/m3,
赤峰天义路,11,优,6 μg/m3,11 μg/m3,
常州钟楼,46,优,32 μg/m3,37 μg/m3,
常州经开区,43,优,28 μg/m3,42 μg/m3,
常州市监测站,43,优,25 μg/m3,42 μg/m3,
常州行政中心,35,优,21 μg/m3,34 μg/m3,
常州安家,27,优,19 μg/m3,26 μg/m3,
常州武进监测站,-,-,-,-,-
常德鼎城区玉霞,56,良,29 μg/m3,60 μg/m3,PM10
常德市二中,56,良,28 μg/m3,61 μg/m3,PM10
常德武陵区长庚,51,良,23 μg/m3,50 μg/m3,PM10
常德白鹤山,34,优,17 μg/m3,33 μg/m3,
常德武陵区永安,-,-,-,-,-
长沙沙坪,78,良,57 μg/m3,63 μg/m3,PM2.5
长沙马坡岭,69,良,50 μg/m3,-,PM2.5
长沙天心区环保局,65,良,47 μg/m3,69 μg/m3,PM2.5
长沙伍家岭,62,良,44 μg/m3,64 μg/m3,PM2.5
长沙雨花区环保局,61,良,43 μg/m3,60 μg/m3,PM2.5
长沙火车新站,58,良,38 μg/m3,65 μg/m3,PM10
长沙高开区环保局,57,良,40 μg/m3,41 μg/m3,PM2.5
长沙湖南中医药大学,56,良,33 μg/m3,61 μg/m3,PM10
长沙经开区环保局,53,良,37 μg/m3,47 μg/m3,PM2.5
长沙湖南师范大学,102,轻度污染,76 μg/m3,-,PM2.5
常熟海虞子站,33,优,16 μg/m3,32 μg/m3,
常熟菱塘子站,33,优,18 μg/m3,32 μg/m3,
常熟兴福子站,27,优,18 μg/m3,26 μg/m3,
长治监测站,74,良,54 μg/m3,79 μg/m3,PM2.5
长治八中,73,良,53 μg/m3,90 μg/m3,PM2.5
长治德盛苑,71,良,52 μg/m3,65 μg/m3,PM2.5
长治审计局,64,良,43 μg/m3,77 μg/m3,PM10
长治清华站,62,良,40 μg/m3,73 μg/m3,PM10
朝阳八里堡,50,优,11 μg/m3,49 μg/m3,
朝阳西梁,43,优,10 μg/m3,42 μg/m3,
朝阳河畔小区,30,优,7 μg/m3,29 μg/m3,
朝阳农业园区,22,优,9 μg/m3,22 μg/m3,
潮州西园路,41,优,29 μg/m3,32 μg/m3,
潮州档案局,34,优,24 μg/m3,33 μg/m3,
潮州市政府,34,优,20 μg/m3,33 μg/m3,
郴州市职中,67,良,48 μg/m3,59 μg/m3,PM2.5
郴州市环保局,62,良,44 μg/m3,50 μg/m3,PM2.5
郴州兴隆步行街,62,良,44 μg/m3,61 μg/m3,PM2.5
郴州马头岭,60,良,42 μg/m3,68 μg/m3,PM10
郴州市审计局,57,良,40 μg/m3,59 μg/m3,PM2.5
池州平天湖(对照点),68,良,49 μg/m3,74 μg/m3,PM2.5
池州学院,55,良,38 μg/m3,54 μg/m3,PM2.5
池州展览馆,41,优,29 μg/m3,38 μg/m3,
崇左市环保局江州分局,62,良,38 μg/m3,72 μg/m3,PM10
崇左城南新区,53,良,35 μg/m3,54 μg/m3,PM10
滁州人大宾馆,36,优,25 μg/m3,-,
滁州老年大学,27,优,19 μg/m3,21 μg/m3,
滁州市政府原办公楼,21,优,15 μg/m3,20 μg/m3,
昌吉州州监测站,43,优,23 μg/m3,42 μg/m3,
昌吉州新区政务中心,40,优,3 μg/m3,39 μg/m3,
昌吉州天山天池,-,-,-,-,-
楚雄州州环境监测站,17,优,12 μg/m3,16 μg/m3,
楚雄州市经济开发区,16,优,11 μg/m3,11 μg/m3,
昌都监测站,36,优,10 μg/m3,35 μg/m3,
昌都会议中心,31,优,10 μg/m3,30 μg/m3,
大连甘井子,37,优,25 μg/m3,36 μg/m3,
大连开发区,24,优,14 μg/m3,24 μg/m3,
大连七贤岭,24,优,8 μg/m3,24 μg/m3,
大连双D港,23,优,16 μg/m3,16 μg/m3,
大连金州,22,优,12 μg/m3,22 μg/m3,
大连青泥洼桥,19,优,12 μg/m3,19 μg/m3,
大连周水子,19,优,12 μg/m3,19 μg/m3,
大连星海三站,18,优,9 μg/m3,18 μg/m3,
大连傅家庄,16,优,8 μg/m3,16 μg/m3,
大连旅顺,16,优,10 μg/m3,16 μg/m3,
大同大学,63,良,31 μg/m3,74 μg/m3,PM10
大同安家小村,58,良,22 μg/m3,65 μg/m3,PM10
大同果树场(对照点),51,良,22 μg/m3,51 μg/m3,PM10
大同第二人民医院,43,优,23 μg/m3,42 μg/m3,
大同云冈宾馆,36,优,23 μg/m3,35 μg/m3,
大同教育学院,-,-,-,-,-
东莞东城石井,68,良,49 μg/m3,-,PM2.5
东莞南城西平,61,良,43 μg/m3,46 μg/m3,PM2.5
东莞东城主山,55,良,38 μg/m3,39 μg/m3,PM2.5
东莞南城元岭,50,优,35 μg/m3,36 μg/m3,
东莞莞城梨川,48,优,34 μg/m3,36 μg/m3,
丹东临江后街,7,优,4 μg/m3,7 μg/m3,
丹东民主桥,14,优,6 μg/m3,14 μg/m3,
丹东元宝山,13,优,6 μg/m3,13 μg/m3,
丹东江湾东路,11,优,4 μg/m3,11 μg/m3,
德州九衢泉纯净水厂,46,优,19 μg/m3,45 μg/m3,
德州儿童乐园,41,优,7 μg/m3,40 μg/m3,
德州监理站,37,优,11 μg/m3,36 μg/m3,
东营开发区管委会,46,优,22 μg/m3,45 μg/m3,
东营耿井村,44,优,12 μg/m3,43 μg/m3,
东营市环保局,40,优,9 μg/m3,39 μg/m3,
东营西城阳光环保公司,23,优,5 μg/m3,23 μg/m3,
大庆大同区,28,优,8 μg/m3,27 μg/m3,
大庆让胡路区,24,优,6 μg/m3,24 μg/m3,
大庆萨尔图区,20,优,6 μg/m3,20 μg/m3,
大庆红岗区,16,优,5 μg/m3,16 μg/m3,
大庆龙凤区,15,优,-,15 μg/m3,
大理州大理古城,7,优,4 μg/m3,7 μg/m3,
大理州大理市环境监测站,10,优,7 μg/m3,-,
大兴安岭地区公安局,6,优,4 μg/m3,5 μg/m3,
大兴安岭地区红旗社区,27,优,7 μg/m3,26 μg/m3,
达州市环境监测站,95,良,71 μg/m3,101 μg/m3,PM2.5
达州市政中心,90,良,67 μg/m3,120 μg/m3,PM2.5
达州达县机关宾馆,84,良,62 μg/m3,108 μg/m3,PM2.5
达州职业技术学院,57,良,40 μg/m3,58 μg/m3,PM2.5
达州凤凰小区,107,轻度污染,80 μg/m3,101 μg/m3,PM2.5
德宏州芒市人民政府综合楼,33,优,15 μg/m3,32 μg/m3,
德宏州监测站,29,优,9 μg/m3,28 μg/m3,
德阳耐火材料厂,57,良,33 μg/m3,63 μg/m3,PM10
德阳东山公园,55,良,24 μg/m3,59 μg/m3,PM10
德阳西小区,53,良,26 μg/m3,55 μg/m3,PM10
德阳市检察院,49,优,30 μg/m3,48 μg/m3,
定西南峰招待所（原起重机厂）,24,优,6 μg/m3,24 μg/m3,
定西监测站（原粮食局）,18,优,6 μg/m3,18 μg/m3,
迪庆州站,12,优,8 μg/m3,12 μg/m3,
迪庆州质量技术监督局,11,优,8 μg/m3,10 μg/m3,
鄂尔多斯巴音孟克林场办事处,32,优,17 μg/m3,31 μg/m3,
鄂尔多斯奥林花园,19,优,9 μg/m3,19 μg/m3,
鄂尔多斯综合楼,18,优,6 μg/m3,18 μg/m3,
鄂尔多斯华泰汽车城,16,优,9 μg/m3,16 μg/m3,
鄂尔多斯康泽苑,13,优,6 μg/m3,13 μg/m3,
鄂州赵家坝,67,良,30 μg/m3,83 μg/m3,PM10
鄂州凡口开发区,57,良,27 μg/m3,63 μg/m3,PM10
鄂州市政府,53,良,18 μg/m3,55 μg/m3,PM10
恩施州湖北民院,60,良,42 μg/m3,68 μg/m3,PM10
恩施州州电力总公司,60,良,34 μg/m3,69 μg/m3,PM10
福州鼓山,38,优,18 μg/m3,37 μg/m3,
福州五四北路,37,优,26 μg/m3,31 μg/m3,
福州师大,30,优,21 μg/m3,28 μg/m3,
福州杨桥西路,29,优,15 μg/m3,28 μg/m3,
福州九龙,28,优,20 μg/m3,21 μg/m3,
福州紫阳,24,优,17 μg/m3,21 μg/m3,
抚顺新抚区,62,良,44 μg/m3,44 μg/m3,PM2.5
抚顺顺城区,58,良,41 μg/m3,43 μg/m3,PM2.5
抚顺沈抚新城,57,良,40 μg/m3,53 μg/m3,PM2.5
抚顺东洲区,56,良,39 μg/m3,52 μg/m3,PM2.5
抚顺望花区,56,良,39 μg/m3,54 μg/m3,PM2.5
抚顺大伙房水库,52,良,36 μg/m3,41 μg/m3,PM2.5
阜阳开发区,70,良,42 μg/m3,88 μg/m3,PM10
阜阳市监测站,66,良,40 μg/m3,81 μg/m3,PM10
阜阳职业技术学院,55,良,18 μg/m3,58 μg/m3,PM10
富阳监测站,50,优,23 μg/m3,49 μg/m3,
富阳富春二小,-,-,-,-,-
佛山高明孔堂,84,良,62 μg/m3,102 μg/m3,PM2.5
佛山三水监测站,67,良,44 μg/m3,82 μg/m3,PM10
佛山三水云东海,67,良,48 μg/m3,76 μg/m3,PM2.5
佛山南海气象局,65,良,41 μg/m3,79 μg/m3,PM10
佛山华材职中,64,良,43 μg/m3,77 μg/m3,PM10
佛山湾梁,64,良,35 μg/m3,76 μg/m3,PM10
佛山容桂街道办,61,良,38 μg/m3,70 μg/m3,PM10
佛山顺德苏岗,57,良,38 μg/m3,62 μg/m3,PM10
阜新东苑,47,优,18 μg/m3,46 μg/m3,
阜新工业园区,42,优,19 μg/m3,41 μg/m3,
阜新农业园区,35,优,17 μg/m3,34 μg/m3,
阜新玉龙新城,35,优,12 μg/m3,34 μg/m3,
阜新长青街,22,优,10 μg/m3,22 μg/m3,
抚州血防站,47,优,25 μg/m3,46 μg/m3,
抚州桐源党溪,46,优,32 μg/m3,45 μg/m3,
抚州医学分院,46,优,23 μg/m3,45 μg/m3,
抚州采茶剧团,44,优,31 μg/m3,42 μg/m3,
抚州市站,44,优,29 μg/m3,43 μg/m3,
防城港大海花园,75,良,55 μg/m3,99 μg/m3,PM10
防城港防城镇政府,71,良,52 μg/m3,76 μg/m3,PM2.5
防城港沙万,67,良,47 μg/m3,83 μg/m3,PM10
广安广电花园,43,优,27 μg/m3,42 μg/m3,
广安友谊中学,40,优,20 μg/m3,39 μg/m3,
广安市委,28,优,20 μg/m3,27 μg/m3,
广安小平旧居,27,优,19 μg/m3,26 μg/m3,
广安北辰小学,14,优,10 μg/m3,-,
广元老城,43,优,24 μg/m3,42 μg/m3,
广元南坝,31,优,19 μg/m3,30 μg/m3,
广元监测站,22,优,15 μg/m3,22 μg/m3,
广元黑石坡,20,优,14 μg/m3,20 μg/m3,
桂林监测站,68,良,49 μg/m3,76 μg/m3,PM2.5
桂林八中,67,良,39 μg/m3,82 μg/m3,PM10
桂林龙隐路小学,63,良,41 μg/m3,74 μg/m3,PM10
桂林电子科大尧山校区,52,良,36 μg/m3,48 μg/m3,PM2.5
贵阳碧云窝,61,良,39 μg/m3,71 μg/m3,PM10
贵阳太慈桥,59,良,36 μg/m3,67 μg/m3,PM10
贵阳燕子冲,59,良,42 μg/m3,59 μg/m3,PM2.5
贵阳桐木岭,58,良,41 μg/m3,52 μg/m3,PM2.5
贵阳鉴湖路,57,良,30 μg/m3,63 μg/m3,PM10
贵阳红边门,56,良,39 μg/m3,57 μg/m3,PM2.5
贵阳市环保站,53,良,31 μg/m3,54 μg/m3,PM10
贵阳新华路,53,良,34 μg/m3,55 μg/m3,PM10
贵阳马鞍山,52,良,34 μg/m3,52 μg/m3,PM10
贵阳中院村,52,良,36 μg/m3,52 μg/m3,PM10
赣州华坚鞋城,62,良,43 μg/m3,73 μg/m3,PM10
赣州气象台,57,良,40 μg/m3,51 μg/m3,PM2.5
赣州地委,56,良,38 μg/m3,60 μg/m3,PM10
赣州市图书馆,56,良,39 μg/m3,59 μg/m3,PM2.5
赣州通天岩,55,良,38 μg/m3,47 μg/m3,PM2.5
贵港江南子站,79,良,58 μg/m3,104 μg/m3,PM2.5
贵港贵城子站,71,良,52 μg/m3,87 μg/m3,PM2.5
贵港德智高中,64,良,46 μg/m3,59 μg/m3,PM2.5
贵港荷城子站,64,良,46 μg/m3,59 μg/m3,PM2.5
固原马园,27,优,6 μg/m3,26 μg/m3,
固原新区,16,优,6 μg/m3,16 μg/m3,
固原监测站,10,优,7 μg/m3,10 μg/m3,
甘孜州水桥子,8,优,2 μg/m3,8 μg/m3,
甘孜州州环保局,20,优,2 μg/m3,20 μg/m3,
甘南州监测站,19,优,7 μg/m3,19 μg/m3,
果洛州玛沁县大武镇,15,优,9 μg/m3,15 μg/m3,
哈尔滨平房东轻厂,9,优,6 μg/m3,9 μg/m3,
哈尔滨南岗学府路,7,优,5 μg/m3,-,
哈尔滨香坊红旗大街,19,优,13 μg/m3,16 μg/m3,
哈尔滨道外承德广场,18,优,10 μg/m3,18 μg/m3,
哈尔滨道里建国路,16,优,10 μg/m3,16 μg/m3,
哈尔滨动力和平路,14,优,-,14 μg/m3,
哈尔滨省农科院,14,优,10 μg/m3,13 μg/m3,
哈尔滨呼兰师专,13,优,6 μg/m3,13 μg/m3,
哈尔滨松北商大,13,优,6 μg/m3,13 μg/m3,
哈尔滨太平宏伟公园,13,优,9 μg/m3,12 μg/m3,
哈尔滨岭北(对照点),10,优,6 μg/m3,10 μg/m3,
哈尔滨阿城会宁,1,优,1 μg/m3,-,
合肥庐阳区,88,良,66 μg/m3,114 μg/m3,PM2.5
合肥包河区,87,良,65 μg/m3,106 μg/m3,PM2.5
合肥瑶海区,87,良,65 μg/m3,106 μg/m3,PM2.5
合肥高新区,86,良,64 μg/m3,84 μg/m3,PM2.5
合肥滨湖新区,81,良,50 μg/m3,111 μg/m3,PM10
合肥董铺水库,80,良,59 μg/m3,69 μg/m3,PM2.5
合肥琥珀山庄,80,良,59 μg/m3,94 μg/m3,PM2.5
合肥三里街,78,良,57 μg/m3,99 μg/m3,PM2.5
合肥长江中路,77,良,56 μg/m3,103 μg/m3,PM10
合肥明珠广场,75,良,55 μg/m3,93 μg/m3,PM2.5
呼和浩特红旗小学,58,良,25 μg/m3,65 μg/m3,PM10
呼和浩特工大金川校区,53,良,23 μg/m3,55 μg/m3,PM10
呼和浩特化肥厂生活区,52,良,22 μg/m3,52 μg/m3,PM10
呼和浩特小召,47,优,19 μg/m3,46 μg/m3,
呼和浩特海东办,41,优,12 μg/m3,40 μg/m3,
呼和浩特二十九中,40,优,17 μg/m3,39 μg/m3,
呼和浩特呼市一监,30,优,21 μg/m3,-,
呼和浩特如意水处理厂,-,-,-,-,-
海口龙华路环保局宿舍,52,良,22 μg/m3,52 μg/m3,PM10
海口东寨港,46,优,25 μg/m3,45 μg/m3,
海口海南师范大学,46,优,28 μg/m3,45 μg/m3,
海口海南大学,43,优,22 μg/m3,42 μg/m3,
海口秀英海南医院,38,优,27 μg/m3,36 μg/m3,
邯郸丛台公园,53,良,37 μg/m3,51 μg/m3,PM2.5
邯郸东污水处理厂,46,优,23 μg/m3,45 μg/m3,
邯郸环保局,46,优,29 μg/m3,45 μg/m3,
邯郸矿院,-,-,-,-,-
衡水市城管局,44,优,15 μg/m3,43 μg/m3,
衡水市监测站,34,优,17 μg/m3,33 μg/m3,
衡水电机北厂,32,优,16 μg/m3,31 μg/m3,
海门社会福利院,27,优,8 μg/m3,26 μg/m3,
海门市监测站,22,优,10 μg/m3,22 μg/m3,
海北州海晏县西海镇,32,优,19 μg/m3,31 μg/m3,
海东地区平安高铁新区,38,优,20 μg/m3,37 μg/m3,
海南州共和县恰卜恰镇,17,优,12 μg/m3,17 μg/m3,
海西州德令哈市,39,优,12 μg/m3,38 μg/m3,
哈密地区地区监测站,26,优,8 μg/m3,25 μg/m3,
哈密地区哈密师范学校,22,优,8 μg/m3,22 μg/m3,
汉中市监测站,55,良,21 μg/m3,58 μg/m3,PM10
汉中南郑大河坎水厂,52,良,21 μg/m3,52 μg/m3,PM10
汉中鑫源开发区,51,良,22 μg/m3,51 μg/m3,PM10
汉中汉川机床厂子校,28,优,20 μg/m3,24 μg/m3,
鹤壁市交警支队,49,优,18 μg/m3,48 μg/m3,
鹤壁迎宾馆,42,优,23 μg/m3,41 μg/m3,
鹤壁市监测站,40,优,17 μg/m3,39 μg/m3,
河池市环保站,52,良,27 μg/m3,52 μg/m3,PM10
河池市疾控中心,51,良,29 μg/m3,50 μg/m3,PM10
河池东仁乐园,41,优,29 μg/m3,36 μg/m3,
鹤岗斯达机电,21,优,15 μg/m3,18 μg/m3,
鹤岗五号水库,14,优,7 μg/m3,14 μg/m3,
鹤岗哈啤分公司,13,优,7 μg/m3,13 μg/m3,
鹤岗东山纸板厂,11,优,6 μg/m3,11 μg/m3,
黑河党校,8,优,5 μg/m3,8 μg/m3,
黑河交通局,15,优,5 μg/m3,15 μg/m3,
黑河地震局,12,优,8 μg/m3,12 μg/m3,
湖州仁皇山新区,41,优,14 μg/m3,40 μg/m3,
湖州吴兴区站,39,优,17 μg/m3,38 μg/m3,
湖州城西水厂,31,优,13 μg/m3,30 μg/m3,
衡阳市监测站,64,良,46 μg/m3,65 μg/m3,PM2.5
衡阳珠晖区环保局,64,良,-,76 μg/m3,PM10
衡阳原169医院,61,良,34 μg/m3,70 μg/m3,PM10
衡阳市委党校,59,良,34 μg/m3,67 μg/m3,PM10
衡阳真空机电公司,59,良,-,66 μg/m3,PM10
衡阳化工总厂,57,良,-,62 μg/m3,PM10
和田地区地区环保局,118,轻度污染,70 μg/m3,185 μg/m3,PM10
和田地区市环保局,112,轻度污染,32 μg/m3,172 μg/m3,PM10
河源老城,46,优,32 μg/m3,34 μg/m3,
河源东埔,44,优,25 μg/m3,43 μg/m3,
河源源西,34,优,22 μg/m3,33 μg/m3,
菏泽市气象局,41,优,19 μg/m3,40 μg/m3,
菏泽学院,34,优,9 μg/m3,33 μg/m3,
菏泽市政协,30,优,8 μg/m3,29 μg/m3,
贺州环保小区,64,良,40 μg/m3,77 μg/m3,PM10
贺州政协大楼,62,良,44 μg/m3,73 μg/m3,PM10
红河州污水处理厂,69,良,50 μg/m3,68 μg/m3,PM2.5
红河州州图书馆,64,良,46 μg/m3,66 μg/m3,PM2.5
红河州监测站,62,良,44 μg/m3,61 μg/m3,PM2.5
淮安市监测站,38,优,27 μg/m3,-,
淮安北京南路,37,优,26 μg/m3,32 μg/m3,
淮安淮阴区监测站,37,优,26 μg/m3,26 μg/m3,
淮安钵池山,33,优,23 μg/m3,30 μg/m3,
淮安楚州区监测站,27,优,19 μg/m3,23 μg/m3,
淮北职业技术学院,76,良,56 μg/m3,75 μg/m3,PM2.5
淮北监测站,70,良,51 μg/m3,86 μg/m3,PM2.5
淮北烈山区政府,68,良,49 μg/m3,70 μg/m3,PM2.5
怀化市四医院,67,良,37 μg/m3,82 μg/m3,PM10
怀化市委党校,67,良,39 μg/m3,82 μg/m3,PM10
怀化监测楼,66,良,28 μg/m3,81 μg/m3,PM10
怀化河西地税局,62,良,37 μg/m3,72 μg/m3,PM10
怀化林科所,43,优,28 μg/m3,42 μg/m3,
淮南师范学院,88,良,66 μg/m3,88 μg/m3,PM2.5
淮南潘集区政府,85,良,52 μg/m3,118 μg/m3,PM10
淮南八公山区政府,78,良,57 μg/m3,85 μg/m3,PM2.5
淮南焦岗湖风景区管理处,75,良,28 μg/m3,99 μg/m3,PM10
淮南谢家集区政府,75,良,52 μg/m3,99 μg/m3,PM10
淮南经开区消防队,106,轻度污染,62 μg/m3,160 μg/m3,PM10
黄山东路89号,45,优,20 μg/m3,44 μg/m3,
黄山延安路89号,44,优,26 μg/m3,43 μg/m3,
黄山区政府5号楼,42,优,17 μg/m3,41 μg/m3,
黄冈红卫路,54,良,18 μg/m3,57 μg/m3,PM10
黄冈职工中心,53,良,21 μg/m3,54 μg/m3,PM10
黄南州同仁县隆务镇,28,优,20 μg/m3,24 μg/m3,
黄石团城山,70,良,38 μg/m3,89 μg/m3,PM10
黄石笔架山北路,68,良,41 μg/m3,84 μg/m3,PM10
黄石陈家湾,68,良,38 μg/m3,85 μg/m3,PM10
黄石铁山,67,良,31 μg/m3,83 μg/m3,PM10
黄石沈家营,62,良,40 μg/m3,72 μg/m3,PM10
惠州河南岸金山湖子站,63,良,29 μg/m3,75 μg/m3,PM10
惠州江北云山西路子站,59,良,42 μg/m3,66 μg/m3,PM10
惠州大亚湾管委会子站,51,良,28 μg/m3,51 μg/m3,PM10
惠州惠阳区承修路船湖子站,50,优,31 μg/m3,49 μg/m3,
惠州下埔横江三路子站,-,-,-,-,-
葫芦岛新区,57,良,14 μg/m3,62 μg/m3,PM10
葫芦岛东城区,54,良,17 μg/m3,56 μg/m3,PM10
葫芦岛龙港区,43,优,15 μg/m3,42 μg/m3,
葫芦岛化工街,28,优,14 μg/m3,27 μg/m3,
呼伦贝尔国华电力东,17,优,12 μg/m3,16 μg/m3,
呼伦贝尔区环保局,13,优,5 μg/m3,13 μg/m3,
吉林东局子,31,优,22 μg/m3,25 μg/m3,
吉林哈达湾,24,优,11 μg/m3,24 μg/m3,
吉林九站,21,优,15 μg/m3,18 μg/m3,
吉林江北,20,优,14 μg/m3,-,
吉林江南公园,20,优,14 μg/m3,17 μg/m3,
吉林电力学院,17,优,12 μg/m3,15 μg/m3,
吉林丰满,11,优,8 μg/m3,10 μg/m3,
济南泰兴公司,62,良,44 μg/m3,72 μg/m3,PM10
济南技术学院,60,良,26 μg/m3,68 μg/m3,PM10
济南机床二厂,46,优,11 μg/m3,45 μg/m3,
济南开发区,45,优,6 μg/m3,44 μg/m3,
济南农科所,45,优,16 μg/m3,44 μg/m3,
济南长清党校,43,优,25 μg/m3,42 μg/m3,
济南市监测站,39,优,18 μg/m3,38 μg/m3,
济南科干所,37,优,15 μg/m3,36 μg/m3,
济南四建,30,优,21 μg/m3,29 μg/m3,
济南省种子仓库,23,优,11 μg/m3,23 μg/m3,
济南莱芜战役纪念馆,-,-,-,-,-
济宁市第七中学,67,良,48 μg/m3,49 μg/m3,PM2.5
济宁电化厂,41,优,24 μg/m3,40 μg/m3,
济宁火炬城,35,优,23 μg/m3,34 μg/m3,
锦州开发区,75,良,45 μg/m3,98 μg/m3,PM10
锦州北湖公园,58,良,6 μg/m3,65 μg/m3,PM10
锦州天安街道,44,优,14 μg/m3,43 μg/m3,
锦州南山,34,优,10 μg/m3,33 μg/m3,
锦州百股街道,33,优,11 μg/m3,32 μg/m3,
佳木斯四丰,9,优,5 μg/m3,9 μg/m3,
佳木斯十一中,17,优,12 μg/m3,16 μg/m3,
佳木斯发电厂,12,优,7 μg/m3,12 μg/m3,
佳木斯环保局,11,优,6 μg/m3,11 μg/m3,
佳木斯佳纺,11,优,6 μg/m3,11 μg/m3,
吉安青原区法院,61,良,40 μg/m3,70 μg/m3,PM10
吉安红声器材厂,60,良,36 μg/m3,68 μg/m3,PM10
吉安市森林工业局,58,良,38 μg/m3,65 μg/m3,PM10
吉安市环境监测站,56,良,34 μg/m3,60 μg/m3,PM10
江门东湖(对照点),76,良,56 μg/m3,58 μg/m3,PM2.5
江门西区,69,良,50 μg/m3,76 μg/m3,PM2.5
江门北街,65,良,47 μg/m3,55 μg/m3,PM2.5
江门圭峰西,64,良,46 μg/m3,76 μg/m3,PM10
江阴第二实验小学,39,优,26 μg/m3,38 μg/m3,
江阴虹桥邮政,28,优,18 μg/m3,27 μg/m3,
江阴五星公园,24,优,14 μg/m3,24 μg/m3,
胶南JN子站,52,良,20 μg/m3,53 μg/m3,PM10
胶南2号子站,47,优,27 μg/m3,46 μg/m3,
胶州环保局,44,优,20 μg/m3,43 μg/m3,
胶州一中,34,优,14 μg/m3,33 μg/m3,
焦作太极体育中心,62,良,20 μg/m3,73 μg/m3,PM10
焦作高新区政府,51,良,20 μg/m3,50 μg/m3,PM10
焦作市环保局,49,优,25 μg/m3,48 μg/m3,
焦作影视城(对照点),44,优,20 μg/m3,43 μg/m3,
嘉兴学院,29,优,14 μg/m3,28 μg/m3,
嘉兴南湖区残联,22,优,11 μg/m3,22 μg/m3,
嘉兴清河小学,22,优,12 μg/m3,22 μg/m3,
嘉峪关气象局,11,优,7 μg/m3,11 μg/m3,
嘉峪关酒钢宾馆,-,-,-,-,-
揭阳东兴,55,良,31 μg/m3,59 μg/m3,PM10
揭阳新兴,55,良,38 μg/m3,50 μg/m3,PM2.5
揭阳西马,47,优,33 μg/m3,46 μg/m3,
揭阳渔湖,47,优,32 μg/m3,46 μg/m3,
即墨环保局子站,56,良,39 μg/m3,61 μg/m3,PM10
即墨开发区子站,-,-,-,-,-
金昌公司二招,35,优,5 μg/m3,34 μg/m3,
金昌新川苑,24,优,7 μg/m3,24 μg/m3,
金昌市委党校,-,-,-,-,-
晋城白马寺,61,良,24 μg/m3,71 μg/m3,PM10
晋城市环保局,57,良,20 μg/m3,63 μg/m3,PM10
晋城白云商贸,52,良,13 μg/m3,52 μg/m3,PM10
晋城技术学院,45,优,18 μg/m3,44 μg/m3,
晋城泽州一中,45,优,21 μg/m3,44 μg/m3,
晋城自来水公司,41,优,29 μg/m3,-,
景德镇台达陶瓷,48,优,30 μg/m3,47 μg/m3,
景德镇兽医站,46,优,14 μg/m3,45 μg/m3,
景德镇陶研所,43,优,23 μg/m3,42 μg/m3,
景德镇王岗中学,37,优,26 μg/m3,26 μg/m3,
景德镇老干部活动中心,35,优,10 μg/m3,34 μg/m3,
荆门竹园小学,33,优,14 μg/m3,32 μg/m3,
荆门石化一小,32,优,9 μg/m3,31 μg/m3,
荆门掇刀,31,优,12 μg/m3,30 μg/m3,
荆门西山林语,29,优,12 μg/m3,28 μg/m3,
荆州市图书馆,53,良,18 μg/m3,54 μg/m3,PM10
荆州市委党校,40,优,13 μg/m3,39 μg/m3,
荆州管委会,39,优,22 μg/m3,38 μg/m3,
金华武警支队,43,优,21 μg/m3,42 μg/m3,
金华十五中,39,优,27 μg/m3,38 μg/m3,
金华监测站,31,优,22 μg/m3,28 μg/m3,
金坛市环境监测站,44,优,25 μg/m3,43 μg/m3,
金坛市自来水公司,38,优,23 μg/m3,37 μg/m3,
晋中锦纶小区,72,良,42 μg/m3,93 μg/m3,PM10
晋中榆次三中,69,良,45 μg/m3,86 μg/m3,PM10
晋中榆次区政府,63,良,45 μg/m3,73 μg/m3,PM2.5
晋中南都小区,58,良,41 μg/m3,62 μg/m3,PM2.5
九江茅山头,81,良,60 μg/m3,88 μg/m3,PM2.5
九江外国语学校,76,良,56 μg/m3,68 μg/m3,PM2.5
九江综合工业园,70,良,49 μg/m3,88 μg/m3,PM10
九江西园,69,良,50 μg/m3,85 μg/m3,PM2.5
九江五七二七厂,68,良,46 μg/m3,84 μg/m3,PM10
九江十里,67,良,46 μg/m3,82 μg/m3,PM10
九江石化总厂,64,良,46 μg/m3,69 μg/m3,PM2.5
九江庐山气象台(对照点),45,优,26 μg/m3,44 μg/m3,
酒泉富康家世界子站,30,优,6 μg/m3,29 μg/m3,
酒泉仓门街子站,22,优,9 μg/m3,22 μg/m3,
鸡西环保局,8,优,5 μg/m3,8 μg/m3,
鸡西气象局(对照点),6,优,-,6 μg/m3,
鸡西欧美日汽修厂,14,优,3 μg/m3,14 μg/m3,
鸡西市政设施管理处,11,优,4 μg/m3,11 μg/m3,
句容消防指挥中心,51,良,24 μg/m3,51 μg/m3,PM10
句容房家坝,41,优,26 μg/m3,40 μg/m3,
昆明呈贡新区,52,良,36 μg/m3,48 μg/m3,PM2.5
昆明碧鸡广场,45,优,15 μg/m3,44 μg/m3,
昆明官渡区博物馆,40,优,25 μg/m3,39 μg/m3,
昆明西山森林公园(对照点),37,优,21 μg/m3,36 μg/m3,
昆明龙泉镇,32,优,8 μg/m3,31 μg/m3,
昆明东风东路,31,优,21 μg/m3,30 μg/m3,
昆明金鼎山,24,优,17 μg/m3,18 μg/m3,
昆山震川中学,35,优,9 μg/m3,34 μg/m3,
昆山实验小学,32,优,-,31 μg/m3,
开封汴京公园,58,良,19 μg/m3,65 μg/m3,PM10
开封肿瘤医院,54,良,17 μg/m3,56 μg/m3,PM10
开封龙亭公园,52,良,20 μg/m3,53 μg/m3,PM10
开封世纪星幼儿园,-,-,-,-,-
库尔勒孔雀公园,83,良,38 μg/m3,115 μg/m3,PM10
库尔勒棉纺厂,72,良,42 μg/m3,92 μg/m3,PM10
库尔勒经济开发区,62,良,19 μg/m3,72 μg/m3,PM10
克州市人民政府,-,-,-,-,-
喀什地区吾办,80,良,52 μg/m3,108 μg/m3,PM10
喀什地区巡警大队,79,良,44 μg/m3,106 μg/m3,PM10
喀什地区市环境监测站,73,良,36 μg/m3,94 μg/m3,PM10
克拉玛依白碱滩区,64,良,24 μg/m3,77 μg/m3,PM10
克拉玛依乌尔禾区商贸楼,36,优,3 μg/m3,35 μg/m3,
克拉玛依长征新村,29,优,11 μg/m3,28 μg/m3,
克拉玛依独山子区,26,优,17 μg/m3,25 μg/m3,
克拉玛依南林小区,18,优,5 μg/m3,18 μg/m3,
洛阳凯旋路小学,54,良,15 μg/m3,56 μg/m3,PM10
洛阳河南林校,53,良,29 μg/m3,55 μg/m3,PM10
洛阳豫西宾馆,52,良,18 μg/m3,53 μg/m3,PM10
洛阳中信二小,52,良,17 μg/m3,53 μg/m3,PM10
洛阳市委新办公区,41,优,15 μg/m3,40 μg/m3,
洛阳市委党校,31,优,21 μg/m3,30 μg/m3,
洛阳开发区管委会,28,优,8 μg/m3,27 μg/m3,
拉萨火车站,51,良,6 μg/m3,51 μg/m3,PM10
拉萨区辐射站,44,优,12 μg/m3,43 μg/m3,
拉萨西藏大学,40,优,14 μg/m3,39 μg/m3,
拉萨区监测站,24,优,3 μg/m3,24 μg/m3,
拉萨市环保局,19,优,7 μg/m3,19 μg/m3,
拉萨八廓街,14,优,9 μg/m3,14 μg/m3,
连云港矿山设计院,39,优,19 μg/m3,38 μg/m3,
连云港德源药业(直管站),31,优,17 μg/m3,30 μg/m3,
连云港市环境监测站,28,优,20 μg/m3,27 μg/m3,
连云港胡沟管理处,23,优,14 μg/m3,23 μg/m3,
廊坊北华航天学院,36,优,14 μg/m3,35 μg/m3,
廊坊开发区,35,优,6 μg/m3,34 μg/m3,
廊坊河北工业大学,32,优,11 μg/m3,31 μg/m3,
廊坊药材公司,-,-,-,-,-
来宾来冶招待所,65,良,47 μg/m3,66 μg/m3,PM2.5
来宾二中,62,良,41 μg/m3,72 μg/m3,PM10
莱西人民广场子站,55,良,28 μg/m3,59 μg/m3,PM10
莱西环保局子站,53,良,31 μg/m3,54 μg/m3,PM10
莱州环保局,51,良,22 μg/m3,50 μg/m3,PM10
莱州外经委,42,优,26 μg/m3,41 μg/m3,
兰州生物制品所,39,优,6 μg/m3,38 μg/m3,
兰州兰炼宾馆,38,优,25 μg/m3,37 μg/m3,
兰州铁路设计院,37,优,8 μg/m3,36 μg/m3,
兰州教育港,36,优,8 μg/m3,35 μg/m3,
兰州榆中兰大校区(对照点),24,优,9 μg/m3,24 μg/m3,
乐山市第三水厂,39,优,17 μg/m3,38 μg/m3,
乐山市监测站,32,优,15 μg/m3,31 μg/m3,
乐山牛耳桥,30,优,21 μg/m3,22 μg/m3,
乐山花湖湾,22,优,10 μg/m3,22 μg/m3,
凉山州政府,33,优,17 μg/m3,32 μg/m3,
凉山州西昌市政府,32,优,20 μg/m3,31 μg/m3,
凉山州邛海宾馆,30,优,15 μg/m3,29 μg/m3,
凉山州青龙寺,23,优,16 μg/m3,17 μg/m3,
凉山州长安,-,-,-,-,-
聊城区政府,32,优,7 μg/m3,31 μg/m3,
聊城聊大东校,28,优,9 μg/m3,27 μg/m3,
聊城监控中心,19,优,8 μg/m3,19 μg/m3,
辽阳铁西工业园,61,良,43 μg/m3,60 μg/m3,PM2.5
辽阳新华园,59,良,36 μg/m3,67 μg/m3,PM10
辽阳滨河路,52,良,28 μg/m3,52 μg/m3,PM10
辽阳宏伟区,41,优,24 μg/m3,40 μg/m3,
辽源环保局,23,优,16 μg/m3,21 μg/m3,
辽源银鹰制药,21,优,15 μg/m3,17 μg/m3,
丽江古城,28,优,14 μg/m3,27 μg/m3,
丽江市中心,16,优,-,16 μg/m3,
丽江西南郊,15,优,6 μg/m3,15 μg/m3,
临安四中,58,良,26 μg/m3,64 μg/m3,PM10
临安市政府,-,-,-,-,-
临沧市环保局,26,优,7 μg/m3,25 μg/m3,
临沧市气象局,17,优,12 μg/m3,12 μg/m3,
临汾工商学校,66,良,19 μg/m3,81 μg/m3,PM10
临汾市委,61,良,30 μg/m3,71 μg/m3,PM10
临汾城南,55,良,38 μg/m3,43 μg/m3,PM2.5
临汾技工学校,53,良,34 μg/m3,54 μg/m3,PM10
临汾唐尧大酒店,51,良,20 μg/m3,50 μg/m3,PM10
临汾临钢医院,30,优,21 μg/m3,-,
临沂鲁南制药厂,58,良,25 μg/m3,64 μg/m3,PM10
临沂沂河小区,58,良,27 μg/m3,64 μg/m3,PM10
临沂新光毛纺厂,56,良,26 μg/m3,60 μg/m3,PM10
临沂河东保险公司,55,良,25 μg/m3,58 μg/m3,PM10
丽水余庄前,46,优,15 μg/m3,45 μg/m3,
丽水监测站大楼,36,优,16 μg/m3,35 μg/m3,
丽水莲都小学,32,优,19 μg/m3,31 μg/m3,
六安朝阳厂,68,良,33 μg/m3,84 μg/m3,PM10
六安开发区,67,良,38 μg/m3,82 μg/m3,PM10
六安皖西学院,67,良,33 μg/m3,83 μg/m3,PM10
六安监测大楼,62,良,37 μg/m3,72 μg/m3,PM10
六盘水水钢,58,良,41 μg/m3,43 μg/m3,PM2.5
六盘水窑上,55,良,38 μg/m3,43 μg/m3,PM2.5
六盘水黄土坡,53,良,37 μg/m3,40 μg/m3,PM2.5
六盘水民中,43,优,27 μg/m3,42 μg/m3,
六盘水双水,40,优,28 μg/m3,-,
柳州市四中,69,良,50 μg/m3,73 μg/m3,PM2.5
柳州古亭山,67,良,48 μg/m3,73 μg/m3,PM2.5
柳州市九中,62,良,44 μg/m3,68 μg/m3,PM2.5
柳州河西水厂,61,良,42 μg/m3,70 μg/m3,PM10
柳州环保监测站,61,良,43 μg/m3,70 μg/m3,PM10
柳州柳东小学,53,良,-,55 μg/m3,PM10
溧阳燕山子站,40,优,21 μg/m3,39 μg/m3,
溧阳市东门子站,37,优,26 μg/m3,36 μg/m3,
陇南滨江中学,45,优,6 μg/m3,44 μg/m3,
陇南汉王镇固水子,24,优,6 μg/m3,24 μg/m3,
龙岩闽西职业技术学院,48,优,22 μg/m3,47 μg/m3,
龙岩市监测站,48,优,20 μg/m3,47 μg/m3,
龙岩师专,44,优,19 μg/m3,43 μg/m3,
龙岩学院,44,优,30 μg/m3,43 μg/m3,
娄底市委党校,73,良,53 μg/m3,80 μg/m3,PM2.5
娄底市政府,73,良,48 μg/m3,94 μg/m3,PM10
娄底市监测站,64,良,46 μg/m3,76 μg/m3,PM10
娄底涟钢,63,良,43 μg/m3,74 μg/m3,PM10
娄底电视发射台,60,良,37 μg/m3,69 μg/m3,PM10
漯河水利局,55,良,32 μg/m3,58 μg/m3,PM10
漯河大学,54,良,28 μg/m3,56 μg/m3,PM10
漯河广电局,50,优,29 μg/m3,49 μg/m3,
漯河三五一五工厂,-,-,-,-,-
泸州市环监站,38,优,21 μg/m3,37 μg/m3,
泸州九狮山,26,优,13 μg/m3,25 μg/m3,
泸州小市上码头,26,优,18 μg/m3,-,
泸州兰田宪桥,23,优,16 μg/m3,-,
吕梁马茂庄小学,60,良,32 μg/m3,68 μg/m3,PM10
吕梁环保局,53,良,28 μg/m3,54 μg/m3,PM10
吕梁自来水公司,52,良,33 μg/m3,53 μg/m3,PM10
临夏州环保局,36,优,9 μg/m3,35 μg/m3,
临夏州州委党校,33,优,16 μg/m3,32 μg/m3,
林芝监测站,24,优,13 μg/m3,24 μg/m3,
林芝人民医院,12,优,5 μg/m3,12 μg/m3,
马鞍山湖东路四小,59,良,42 μg/m3,-,PM2.5
马鞍山慈湖二小,57,良,40 μg/m3,45 μg/m3,PM2.5
马鞍山市教育基地,41,优,25 μg/m3,40 μg/m3,
马鞍山马钢动力厂,26,优,18 μg/m3,23 μg/m3,
马鞍山天平服装,24,优,16 μg/m3,24 μg/m3,
茂名茂石化七小,79,良,58 μg/m3,77 μg/m3,PM2.5
茂名健康路,71,良,52 μg/m3,73 μg/m3,PM2.5
茂名高岭,69,良,50 μg/m3,68 μg/m3,PM2.5
茂名市环保局茂港分局,68,良,49 μg/m3,68 μg/m3,PM2.5
眉山区人社局,53,良,26 μg/m3,55 μg/m3,PM10
眉山气象局,49,优,17 μg/m3,48 μg/m3,
眉山市委党校,34,优,13 μg/m3,33 μg/m3,
眉山蟆颐观,26,优,18 μg/m3,22 μg/m3,
梅州嘉应大学,52,良,36 μg/m3,37 μg/m3,PM2.5
梅州环境监控中心,47,优,33 μg/m3,44 μg/m3,
梅州梅县新城,47,优,33 μg/m3,39 μg/m3,
绵阳市人大,43,优,23 μg/m3,42 μg/m3,
绵阳富乐山,31,优,17 μg/m3,30 μg/m3,
绵阳三水厂,30,优,20 μg/m3,29 μg/m3,
绵阳高新区自来水公司,26,优,18 μg/m3,20 μg/m3,
牡丹江第一中学,8,优,4 μg/m3,8 μg/m3,
牡丹江文化广场,24,优,10 μg/m3,24 μg/m3,
牡丹江第一医院,23,优,4 μg/m3,23 μg/m3,
牡丹江机车工厂,16,优,6 μg/m3,16 μg/m3,
牡丹江环保大楼,11,优,8 μg/m3,10 μg/m3,
南昌建工学校,59,良,32 μg/m3,66 μg/m3,PM10
南昌省林业公司,59,良,22 μg/m3,67 μg/m3,PM10
南昌省外办,58,良,29 μg/m3,65 μg/m3,PM10
南昌外国语学校,57,良,31 μg/m3,63 μg/m3,PM10
南昌省站,55,良,38 μg/m3,52 μg/m3,PM2.5
南昌象湖,54,良,33 μg/m3,56 μg/m3,PM10
南昌林科所,53,良,36 μg/m3,54 μg/m3,PM10
南昌机电学校,-,-,-,-,-
南昌武术学校(对照点),-,-,-,-,-
南宁振宁花园,71,良,52 μg/m3,67 μg/m3,PM2.5
南宁北湖,69,良,50 μg/m3,69 μg/m3,PM2.5
南宁沙井镇街道办,69,良,49 μg/m3,87 μg/m3,PM10
南宁仙葫,68,良,49 μg/m3,70 μg/m3,PM2.5
南宁英华嘉园,68,良,49 μg/m3,81 μg/m3,PM2.5
南宁大自然花园,67,良,48 μg/m3,70 μg/m3,PM2.5
南宁区农职院,67,良,48 μg/m3,77 μg/m3,PM2.5
南宁市监测站,66,良,47 μg/m3,80 μg/m3,PM10
南充高坪区监测站,51,良,13 μg/m3,50 μg/m3,PM10
南充西山风景区,51,良,28 μg/m3,51 μg/m3,PM10
南充市委,50,优,24 μg/m3,49 μg/m3,
南充炼油厂,43,优,16 μg/m3,42 μg/m3,
南充市环境监测站,36,优,22 μg/m3,35 μg/m3,
南充嘉陵区环保局,-,-,-,-,-
南平七中,38,优,17 μg/m3,37 μg/m3,
南平铝业有限公司,34,优,24 μg/m3,33 μg/m3,
南平市监测站,34,优,17 μg/m3,33 μg/m3,
南平茫荡山,-,-,-,-,-
南通虹桥,31,优,22 μg/m3,27 μg/m3,
南通星湖花园,21,优,15 μg/m3,15 μg/m3,
南通紫琅学院,20,优,14 μg/m3,17 μg/m3,
南通城中,17,优,12 μg/m3,16 μg/m3,
南通南郊,16,优,11 μg/m3,-,
南阳理工学院,40,优,17 μg/m3,39 μg/m3,
南阳气象站,40,优,18 μg/m3,39 μg/m3,
南阳汉画馆,39,优,14 μg/m3,38 μg/m3,
南阳环保局,33,优,13 μg/m3,32 μg/m3,
南阳瓦房庄,29,优,10 μg/m3,28 μg/m3,
宁波龙赛医院,31,优,13 μg/m3,30 μg/m3,
宁波区环保大楼,30,优,16 μg/m3,29 μg/m3,
宁波钱湖水厂,26,优,18 μg/m3,21 μg/m3,
宁波白沙活动中心,24,优,13 μg/m3,24 μg/m3,
宁波市环境监测中心,24,优,10 μg/m3,24 μg/m3,
宁波万里学院,23,优,15 μg/m3,23 μg/m3,
宁波太古小学,21,优,13 μg/m3,21 μg/m3,
宁波万里国际学校,20,优,12 μg/m3,20 μg/m3,
宁德市监测站,49,优,16 μg/m3,48 μg/m3,
宁德一中,30,优,18 μg/m3,29 μg/m3,
宁德金涵水库(对照点),20,优,14 μg/m3,17 μg/m3,
内江二中,31,优,20 μg/m3,30 μg/m3,
内江日报社,27,优,18 μg/m3,26 μg/m3,
内江市监测站,26,优,6 μg/m3,25 μg/m3,
内江东兴区政府,23,优,12 μg/m3,23 μg/m3,
怒江州泸水一中,20,优,2 μg/m3,20 μg/m3,
怒江州州监测站,20,优,8 μg/m3,20 μg/m3,
盘锦开发区,42,优,15 μg/m3,41 μg/m3,
盘锦兴隆台,42,优,24 μg/m3,41 μg/m3,
盘锦新生街道,31,优,14 μg/m3,30 μg/m3,
蓬莱环保局,-,-,-,-,-
蓬莱沙河桥,-,-,-,-,-
平度1号,69,良,50 μg/m3,69 μg/m3,PM2.5
平度2号,47,优,30 μg/m3,46 μg/m3,
平凉博物馆,24,优,4 μg/m3,24 μg/m3,
平凉监测站,16,优,5 μg/m3,16 μg/m3,
萍乡市政府车库,77,良,44 μg/m3,102 μg/m3,PM10
萍乡安源区政府,70,良,37 μg/m3,89 μg/m3,PM10
萍乡市环保局,59,良,27 μg/m3,67 μg/m3,PM10
萍乡中医院,58,良,41 μg/m3,46 μg/m3,PM2.5
萍乡武功山气象站(对照点),34,优,22 μg/m3,33 μg/m3,
普洱市环保局,37,优,26 μg/m3,28 μg/m3,
普洱第二中学,18,优,7 μg/m3,18 μg/m3,
莆田东圳水库,38,优,8 μg/m3,37 μg/m3,
莆田秀屿区政府,36,优,19 μg/m3,35 μg/m3,
莆田涵江区六中,34,优,15 μg/m3,33 μg/m3,
莆田荔城区仓后路,34,优,20 μg/m3,33 μg/m3,
莆田市监测站,30,优,16 μg/m3,29 μg/m3,
濮阳油田物探公司,53,良,18 μg/m3,54 μg/m3,PM10
濮阳环保局,48,优,21 μg/m3,47 μg/m3,
濮阳油田运输公司,46,优,21 μg/m3,45 μg/m3,
濮阳濮水河管理处,38,优,18 μg/m3,37 μg/m3,
攀枝花炳草岗,93,良,70 μg/m3,-,PM2.5
攀枝花四十中小,63,良,45 μg/m3,56 μg/m3,PM2.5
攀枝花仁和,38,优,27 μg/m3,32 μg/m3,
攀枝花河门口,36,优,21 μg/m3,35 μg/m3,
攀枝花弄弄坪,105,轻度污染,79 μg/m3,92 μg/m3,PM2.5
平顶山新华旅馆,48,优,15 μg/m3,47 μg/m3,
平顶山规划局,39,优,11 μg/m3,38 μg/m3,
平顶山规划设计院,36,优,25 μg/m3,30 μg/m3,
平顶山工学院,31,优,17 μg/m3,30 μg/m3,
青岛市北区子站,72,良,30 μg/m3,93 μg/m3,PM10
青岛四方区子站,67,良,48 μg/m3,76 μg/m3,PM2.5
青岛城阳区子站,57,良,27 μg/m3,63 μg/m3,PM10
青岛李沧区子站,56,良,29 μg/m3,61 μg/m3,PM10
青岛黄岛区子站,55,良,34 μg/m3,58 μg/m3,PM10
青岛市南区东部子站,55,良,31 μg/m3,59 μg/m3,PM10
青岛仰口,51,良,24 μg/m3,50 μg/m3,PM10
青岛市南区西部子站,49,优,24 μg/m3,48 μg/m3,
青岛崂山区子站,33,优,14 μg/m3,32 μg/m3,
庆阳粮贸总公司,45,优,8 μg/m3,44 μg/m3,
庆阳市环保局,32,优,8 μg/m3,31 μg/m3,
庆阳区环保局,26,优,6 μg/m3,25 μg/m3,
清远环保大楼,68,良,48 μg/m3,85 μg/m3,PM10
清远技师学院,64,良,46 μg/m3,71 μg/m3,PM2.5
清远凤城街办,62,良,40 μg/m3,73 μg/m3,PM10
秦皇岛北戴河环保局,7,优,5 μg/m3,7 μg/m3,
秦皇岛第一关,52,良,10 μg/m3,52 μg/m3,PM10
秦皇岛文明里,48,优,11 μg/m3,47 μg/m3,
秦皇岛建设大厦,42,优,17 μg/m3,41 μg/m3,
秦皇岛监测站,22,优,13 μg/m3,22 μg/m3,
钦州港区一小,75,良,55 μg/m3,83 μg/m3,PM2.5
钦州市农科院,71,良,52 μg/m3,88 μg/m3,PM2.5
钦州市环保站,-,-,-,-,-
齐齐哈尔中心广场,55,良,4 μg/m3,59 μg/m3,PM10
齐齐哈尔安居小区,51,良,13 μg/m3,50 μg/m3,PM10
齐齐哈尔农牧车辆厂,36,优,4 μg/m3,35 μg/m3,
齐齐哈尔市环境监测站,26,优,2 μg/m3,25 μg/m3,
齐齐哈尔富区青少年活动中心,21,优,2 μg/m3,21 μg/m3,
七台河葫头沟(对照点),24,优,3 μg/m3,24 μg/m3,
七台河人民广场,11,优,8 μg/m3,-,
七台河新建矿广场,10,优,7 μg/m3,8 μg/m3,
泉州津头埔,33,优,17 μg/m3,32 μg/m3,
泉州涂山街,28,优,16 μg/m3,27 μg/m3,
泉州清源山,27,优,19 μg/m3,25 μg/m3,
泉州万安,27,优,16 μg/m3,26 μg/m3,
曲靖烟厂办公区,73,良,53 μg/m3,72 μg/m3,PM2.5
曲靖环境监测站,59,良,37 μg/m3,66 μg/m3,PM10
衢州学院,38,优,14 μg/m3,37 μg/m3,
衢州实验学校,29,优,13 μg/m3,28 μg/m3,
衢州环保大楼,26,优,16 μg/m3,25 μg/m3,
黔东南州市环境监测站,50,优,35 μg/m3,46 μg/m3,
黔东南州凯里学院,43,优,26 μg/m3,42 μg/m3,
黔南州小围寨,45,优,26 μg/m3,44 μg/m3,
黔西南州场坝街,17,优,6 μg/m3,17 μg/m3,
黔西南州坪东大道,13,优,9 μg/m3,10 μg/m3,
日照港务局,40,优,25 μg/m3,39 μg/m3,
日照监测站,40,优,23 μg/m3,39 μg/m3,
日照市政府广场,37,优,16 μg/m3,36 μg/m3,
荣成山东成山轮胎公司,23,优,16 μg/m3,16 μg/m3,
荣成市环保局办公楼,22,优,12 μg/m3,22 μg/m3,
乳山市环保局,41,优,29 μg/m3,36 μg/m3,
乳山市气象局,37,优,20 μg/m3,36 μg/m3,
日喀则林业技术推广中心,9,优,-,9 μg/m3,
日喀则监测站,10,优,1 μg/m3,10 μg/m3,
沈阳森林路,61,良,43 μg/m3,59 μg/m3,PM2.5
沈阳文化路,61,良,43 μg/m3,57 μg/m3,PM2.5
沈阳沈辽西路,53,良,32 μg/m3,54 μg/m3,PM10
沈阳东陵路,50,优,25 μg/m3,49 μg/m3,
沈阳裕农路,50,优,35 μg/m3,-,
沈阳京沈街,48,优,34 μg/m3,47 μg/m3,
沈阳陵东街,47,优,33 μg/m3,-,
沈阳小河沿,47,优,24 μg/m3,46 μg/m3,
沈阳浑南东路,46,优,32 μg/m3,41 μg/m3,
沈阳新秀街,42,优,26 μg/m3,41 μg/m3,
沈阳太原街,41,优,26 μg/m3,40 μg/m3,
深圳华侨城,72,良,51 μg/m3,93 μg/m3,PM10
深圳南海子站,71,良,43 μg/m3,91 μg/m3,PM10
深圳观澜,64,良,46 μg/m3,61 μg/m3,PM2.5
深圳盐田,63,良,41 μg/m3,74 μg/m3,PM10
深圳通心岭子站,62,良,44 μg/m3,65 μg/m3,PM2.5
深圳葵涌,58,良,36 μg/m3,65 μg/m3,PM10
深圳龙岗,58,良,37 μg/m3,64 μg/m3,PM10
深圳洪湖,55,良,38 μg/m3,54 μg/m3,PM2.5
深圳梅沙,52,良,36 μg/m3,52 μg/m3,PM10
深圳南澳,49,优,32 μg/m3,48 μg/m3,
深圳西乡,48,优,34 μg/m3,39 μg/m3,
苏州工业园区,27,优,14 μg/m3,26 μg/m3,
苏州相城区,23,优,16 μg/m3,22 μg/m3,
苏州彩香,22,优,13 μg/m3,22 μg/m3,
苏州上方山,19,优,13 μg/m3,18 μg/m3,
苏州吴中区,19,优,13 μg/m3,17 μg/m3,
苏州新区,19,优,13 μg/m3,19 μg/m3,
苏州轧钢厂,16,优,10 μg/m3,16 μg/m3,
苏州南门,-,-,-,-,-
石家庄职工医院,52,良,15 μg/m3,53 μg/m3,PM10
石家庄世纪公园,50,优,26 μg/m3,49 μg/m3,
石家庄22中南校区,45,优,14 μg/m3,44 μg/m3,
石家庄高新区,45,优,12 μg/m3,44 μg/m3,
石家庄人民会堂,43,优,18 μg/m3,42 μg/m3,
石家庄西南高教,37,优,21 μg/m3,36 μg/m3,
石家庄西北水源,32,优,11 μg/m3,31 μg/m3,
石家庄封龙山,12,优,7 μg/m3,12 μg/m3,
三亚河东子站,22,优,12 μg/m3,22 μg/m3,
三亚河西子站,21,优,14 μg/m3,21 μg/m3,
三门峡第一小学,62,良,24 μg/m3,72 μg/m3,PM10
三门峡市政府,58,良,22 μg/m3,65 μg/m3,PM10
三门峡开发区,48,优,18 μg/m3,47 μg/m3,
三门峡风景区,38,优,19 μg/m3,37 μg/m3,
三明二中,57,良,28 μg/m3,63 μg/m3,PM10
三明三钢,54,良,33 μg/m3,57 μg/m3,PM10
三明三元区政府,53,良,23 μg/m3,55 μg/m3,PM10
三明洋溪,27,优,18 μg/m3,26 μg/m3,
商洛商州区中学,51,良,10 μg/m3,51 μg/m3,PM10
商洛监测站,24,优,10 μg/m3,24 μg/m3,
商丘梁园区档案局,57,良,18 μg/m3,63 μg/m3,PM10
商丘环境监测站,48,优,22 μg/m3,47 μg/m3,
商丘睢阳区环保局,41,优,17 μg/m3,40 μg/m3,
商丘粮食局,27,优,19 μg/m3,26 μg/m3,
上饶双创科技楼,55,良,32 μg/m3,58 μg/m3,PM10
上饶凤凰光学,52,良,26 μg/m3,52 μg/m3,PM10
上饶市监测站,47,优,23 μg/m3,46 μg/m3,
上饶百草园(对照点),46,优,24 μg/m3,45 μg/m3,
山南人民医院,27,优,8 μg/m3,26 μg/m3,
山南监测站,15,优,8 μg/m3,15 μg/m3,
汕头金平子站,52,良,36 μg/m3,-,PM2.5
汕头潮南子站,44,优,21 μg/m3,43 μg/m3,
汕头澄海子站,42,优,28 μg/m3,41 μg/m3,
汕头潮阳子站,34,优,23 μg/m3,33 μg/m3,
汕头濠江子站,29,优,14 μg/m3,28 μg/m3,
汕头龙湖子站,-,-,-,-,-
汕尾市政府,65,良,47 μg/m3,73 μg/m3,PM2.5
汕尾新城中学,48,优,31 μg/m3,47 μg/m3,
汕尾市环保局,47,优,24 μg/m3,46 μg/m3,
韶关园林处,70,良,51 μg/m3,78 μg/m3,PM2.5
韶关市八中,65,良,47 μg/m3,61 μg/m3,PM2.5
韶关碧湖山庄,64,良,34 μg/m3,77 μg/m3,PM10
韶关曲江监测站,58,良,41 μg/m3,63 μg/m3,PM2.5
韶关学院,57,良,37 μg/m3,63 μg/m3,PM10
绍兴袍江站,37,优,22 μg/m3,36 μg/m3,
绍兴树下王站,37,优,26 μg/m3,36 μg/m3,
绍兴城东开发委,31,优,10 μg/m3,30 μg/m3,
邵阳市罐头厂,73,良,53 μg/m3,62 μg/m3,PM2.5
邵阳市环保局,64,良,46 μg/m3,72 μg/m3,PM2.5
邵阳市水土所,64,良,46 μg/m3,69 μg/m3,PM2.5
邵阳市化工厂,62,良,44 μg/m3,61 μg/m3,PM2.5
邵阳市一中,61,良,40 μg/m3,71 μg/m3,PM10
石河子艾青诗歌馆,91,良,37 μg/m3,131 μg/m3,PM10
石河子阳光学校,80,良,44 μg/m3,109 μg/m3,PM10
十堰铁二处,32,优,14 μg/m3,31 μg/m3,
十堰滨河新村,31,优,15 μg/m3,30 μg/m3,
十堰刘家沟,20,优,14 μg/m3,19 μg/m3,
十堰武当山,17,优,12 μg/m3,13 μg/m3,
石嘴山大武口黄河东街,58,良,32 μg/m3,64 μg/m3,PM10
石嘴山红果子镇惠新街,52,良,26 μg/m3,52 μg/m3,PM10
石嘴山惠农南大街,-,-,-,-,-
石嘴山沙湖旅游区,-,-,-,-,-
寿光监测站,55,良,22 μg/m3,59 μg/m3,PM10
寿光世纪学校,-,-,-,-,-
双鸭山双合村,34,优,2 μg/m3,33 μg/m3,
双鸭山环保局,14,优,6 μg/m3,14 μg/m3,
双鸭山南小市,14,优,3 μg/m3,14 μg/m3,
双鸭山苗圃,-,-,-,-,-
朔州区政府,43,优,3 μg/m3,42 μg/m3,
朔州市环保局,38,优,8 μg/m3,37 μg/m3,
朔州平朔,32,优,8 μg/m3,31 μg/m3,
朔州朔唯,28,优,8 μg/m3,27 μg/m3,
朔州市二中,18,优,-,18 μg/m3,
四平一商场,51,良,21 μg/m3,51 μg/m3,PM10
四平世纪城,40,优,21 μg/m3,39 μg/m3,
四平境园,-,-,-,-,-
松原江南,6,优,3 μg/m3,6 μg/m3,
松原江北,20,优,11 μg/m3,20 μg/m3,
绥化人和东街,13,优,5 μg/m3,13 μg/m3,
绥化党政办公中心,-,-,-,-,-
遂宁美宁食品公司,37,优,26 μg/m3,36 μg/m3,
遂宁行政中心,32,优,13 μg/m3,31 μg/m3,
遂宁市监测站,26,优,17 μg/m3,25 μg/m3,
遂宁石溪浩,22,优,5 μg/m3,22 μg/m3,
随州市委党校,53,良,21 μg/m3,54 μg/m3,PM10
随州市林业局,31,优,10 μg/m3,30 μg/m3,
随州市立交桥水厂,26,优,18 μg/m3,25 μg/m3,
宿迁中学,46,优,32 μg/m3,-,
宿迁学院,44,优,31 μg/m3,33 μg/m3,
宿迁市供电局,43,优,30 μg/m3,-,
宿迁宿豫区政府,36,优,24 μg/m3,35 μg/m3,
宿州火车站,96,良,72 μg/m3,132 μg/m3,PM2.5
宿州远航博物馆,93,良,70 μg/m3,128 μg/m3,PM2.5
宿州皖北煤电集团,81,良,56 μg/m3,110 μg/m3,PM10
太原坞城,80,良,48 μg/m3,108 μg/m3,PM10
太原桃园,79,良,51 μg/m3,106 μg/m3,PM10
太原小店,73,良,47 μg/m3,94 μg/m3,PM10
太原尖草坪,70,良,42 μg/m3,88 μg/m3,PM10
太原金胜,69,良,49 μg/m3,86 μg/m3,PM10
太原晋源,68,良,46 μg/m3,84 μg/m3,PM10
太原巨轮,63,良,37 μg/m3,75 μg/m3,PM10
太原南寨,62,良,37 μg/m3,73 μg/m3,PM10
太原上兰(对照点),42,优,14 μg/m3,41 μg/m3,
唐山十二中,43,优,19 μg/m3,42 μg/m3,
唐山消防缸窑路中队,42,优,4 μg/m3,41 μg/m3,
唐山路南电大,41,优,10 μg/m3,40 μg/m3,
唐山雷达站,34,优,23 μg/m3,33 μg/m3,
唐山小山,32,优,8 μg/m3,31 μg/m3,
唐山物资局,30,优,9 μg/m3,29 μg/m3,
泰安人口学校,82,良,37 μg/m3,113 μg/m3,PM10
泰安电力学校,73,良,34 μg/m3,94 μg/m3,PM10
泰安监测站,72,良,20 μg/m3,92 μg/m3,PM10
台州路桥田洋王,28,优,20 μg/m3,27 μg/m3,
台州环保大楼,27,优,19 μg/m3,25 μg/m3,
台州黄岩环保大楼,23,优,16 μg/m3,19 μg/m3,
泰州公园路,26,优,9 μg/m3,25 μg/m3,
泰州王营,23,优,12 μg/m3,23 μg/m3,
泰州莲花,16,优,9 μg/m3,16 μg/m3,
泰州留学生创业园,15,优,8 μg/m3,15 μg/m3,
天水仙人崖,8,优,5 μg/m3,8 μg/m3,
天水文化馆,22,优,8 μg/m3,22 μg/m3,
天水进步巷,19,优,6 μg/m3,19 μg/m3,
铁岭金沙江路北,64,良,34 μg/m3,77 μg/m3,PM10
铁岭水上乐园,53,良,24 μg/m3,55 μg/m3,PM10
铁岭汇工街西,49,优,30 μg/m3,48 μg/m3,
铁岭银州路东段,37,优,13 μg/m3,36 μg/m3,
铜川新区兰芝公司,59,良,18 μg/m3,66 μg/m3,PM10
铜川王益区政府,49,优,12 μg/m3,48 μg/m3,
铜川党校,18,优,9 μg/m3,18 μg/m3,
铜川新区管委会,-,-,-,-,-
通化铁路,2,优,1 μg/m3,2 μg/m3,
通化光明,-,-,-,-,-
太仓科教新城实小,33,优,13 μg/m3,32 μg/m3,
太仓市监测站,21,优,11 μg/m3,21 μg/m3,
通辽东方明珠社区,34,优,10 μg/m3,33 μg/m3,
通辽艺术职业学校,30,优,21 μg/m3,25 μg/m3,
通辽老干部活动中心,24,优,14 μg/m3,24 μg/m3,
铜陵市第九中学,68,良,36 μg/m3,84 μg/m3,PM10
铜陵市公路局,64,良,32 μg/m3,76 μg/m3,PM10
铜陵市第四中学,56,良,29 μg/m3,60 μg/m3,PM10
铜陵车站新区,55,良,25 μg/m3,59 μg/m3,PM10
铜陵市新民污水厂,53,良,36 μg/m3,54 μg/m3,PM10
铜陵市职教基地,43,优,27 μg/m3,42 μg/m3,
铜仁地区铜仁七中,50,优,11 μg/m3,49 μg/m3,
铜仁地区铜仁卫校,46,优,8 μg/m3,45 μg/m3,
塔城地区东门外小游园,31,优,5 μg/m3,30 μg/m3,
吐鲁番地区市环保局,35,优,11 μg/m3,34 μg/m3,
吐鲁番地区地区环保局,29,优,8 μg/m3,28 μg/m3,
乌鲁木齐米东区环保局,76,良,56 μg/m3,-,PM2.5
乌鲁木齐三十一中学,44,优,12 μg/m3,43 μg/m3,
乌鲁木齐铁路局,42,优,11 μg/m3,41 μg/m3,
乌鲁木齐收费所,33,优,11 μg/m3,32 μg/m3,
乌鲁木齐监测站,28,优,6 μg/m3,27 μg/m3,
乌鲁木齐培训基地,-,-,-,-,-
乌鲁木齐新疆农科院农场,-,-,-,-,-
无锡黄巷,46,优,23 μg/m3,45 μg/m3,
无锡漆塘,44,优,14 μg/m3,43 μg/m3,
无锡荣巷,38,优,25 μg/m3,37 μg/m3,
无锡堰桥,37,优,17 μg/m3,36 μg/m3,
无锡曹张,33,优,20 μg/m3,32 μg/m3,
无锡东亭,32,优,15 μg/m3,31 μg/m3,
无锡雪浪,29,优,16 μg/m3,28 μg/m3,
无锡旺庄,-,-,-,-,-
温州瓯海,32,优,17 μg/m3,31 μg/m3,
温州市站,29,优,15 μg/m3,28 μg/m3,
温州南浦,24,优,14 μg/m3,24 μg/m3,
温州龙湾,20,优,14 μg/m3,19 μg/m3,
威海市监测站,50,优,35 μg/m3,44 μg/m3,
威海华夏技校,45,优,15 μg/m3,44 μg/m3,
威海山大分校,41,优,29 μg/m3,35 μg/m3,
潍坊环保局,76,良,56 μg/m3,89 μg/m3,PM2.5
潍坊坊子邮政,72,良,49 μg/m3,93 μg/m3,PM10
潍坊仲裁委,69,良,46 μg/m3,86 μg/m3,PM10
潍坊七中,62,良,38 μg/m3,72 μg/m3,PM10
潍坊寒亭监测站,57,良,38 μg/m3,63 μg/m3,PM10
渭南体育馆,62,良,22 μg/m3,72 μg/m3,PM10
渭南日报社,56,良,19 μg/m3,61 μg/m3,PM10
渭南农科所,49,优,28 μg/m3,48 μg/m3,
渭南高新一小,-,-,-,-,-
文登市丝绸公司,53,良,26 μg/m3,54 μg/m3,PM10
文登市环保局,50,优,25 μg/m3,49 μg/m3,
乌海聚英学校,57,良,32 μg/m3,63 μg/m3,PM10
乌海市林业局,52,良,26 μg/m3,53 μg/m3,PM10
乌海中海勃湾学校,47,优,30 μg/m3,46 μg/m3,
武汉民族大道182号,53,良,28 μg/m3,54 μg/m3,PM10
武汉沌口新区,51,良,32 μg/m3,51 μg/m3,PM10
武汉武昌紫阳,51,良,8 μg/m3,51 μg/m3,PM10
武汉青山钢花,50,优,28 μg/m3,49 μg/m3,
武汉汉口江滩,49,优,23 μg/m3,48 μg/m3,
武汉东湖梨园,47,优,27 μg/m3,46 μg/m3,
武汉汉阳月湖,46,优,26 μg/m3,45 μg/m3,
武汉沉湖七壕,44,优,20 μg/m3,43 μg/m3,
武汉吴家山,41,优,22 μg/m3,40 μg/m3,
武汉汉口花桥,40,优,19 μg/m3,39 μg/m3,
芜湖监测站,57,良,28 μg/m3,62 μg/m3,PM10
芜湖科创中心,52,良,16 μg/m3,52 μg/m3,PM10
芜湖四水厂,52,良,28 μg/m3,52 μg/m3,PM10
芜湖济民医院(对照点),49,优,24 μg/m3,48 μg/m3,
吴江市环保局,45,优,13 μg/m3,44 μg/m3,
吴江开发区,38,优,17 μg/m3,37 μg/m3,
吴江教师进修学校,-,-,-,-,-
武威东关招商场,41,优,12 μg/m3,40 μg/m3,
武威监测站,19,优,8 μg/m3,19 μg/m3,
吴忠新区二泵站,48,优,8 μg/m3,47 μg/m3,
吴忠高级中学,39,优,9 μg/m3,38 μg/m3,
吴忠教育园区,31,优,9 μg/m3,30 μg/m3,
梧州龙圩,86,良,64 μg/m3,84 μg/m3,PM2.5
梧州市环保,82,良,61 μg/m3,89 μg/m3,PM2.5
梧州龙新,80,良,53 μg/m3,108 μg/m3,PM10
梧州云盖小学,63,良,42 μg/m3,74 μg/m3,PM10
五家渠农水大厦,56,良,14 μg/m3,61 μg/m3,PM10
文山州市便民服务中心,35,优,16 μg/m3,34 μg/m3,
文山州州水务局,32,优,20 μg/m3,31 μg/m3,
瓦房店抱龙社区,-,-,-,-,-
瓦房店文圣社区,-,-,-,-,-
乌兰察布集宁新区,22,优,4 μg/m3,22 μg/m3,
乌兰察布光明街小学,16,优,11 μg/m3,12 μg/m3,
西安阎良区,85,良,63 μg/m3,96 μg/m3,PM2.5
西安经开区,63,良,31 μg/m3,75 μg/m3,PM10
西安临潼区,60,良,20 μg/m3,68 μg/m3,PM10
西安草滩,57,良,23 μg/m3,62 μg/m3,PM10
西安曲江文化产业集团,55,良,14 μg/m3,59 μg/m3,PM10
西安市人民体育场,53,良,16 μg/m3,55 μg/m3,PM10
西安纺织城,52,良,16 μg/m3,52 μg/m3,PM10
西安广运潭,50,优,14 μg/m3,49 μg/m3,
西安兴庆小区,49,优,13 μg/m3,48 μg/m3,
西安高压开关厂,44,优,14 μg/m3,43 μg/m3,
西安高新西区,42,优,13 μg/m3,41 μg/m3,
西安长安区,40,优,13 μg/m3,39 μg/m3,
西安小寨,34,优,12 μg/m3,33 μg/m3,
厦门鼓浪屿,54,良,30 μg/m3,57 μg/m3,PM10
厦门湖里中学,54,良,32 μg/m3,57 μg/m3,PM10
厦门洪文,51,良,29 μg/m3,50 μg/m3,PM10
厦门溪东,20,优,12 μg/m3,20 μg/m3,
咸阳师范学院,50,优,17 μg/m3,49 μg/m3,
咸阳中华小区,35,优,13 μg/m3,34 μg/m3,
咸阳气象站(对照点),32,优,13 μg/m3,31 μg/m3,
咸阳两寺渡,23,优,13 μg/m3,23 μg/m3,
西宁市环境监测站,55,良,38 μg/m3,57 μg/m3,PM2.5
西宁城北区政府,42,优,13 μg/m3,41 μg/m3,
西宁第五水厂,39,优,13 μg/m3,38 μg/m3,
西宁四陆医院,36,优,18 μg/m3,35 μg/m3,
邢台邢师高专,43,优,14 μg/m3,42 μg/m3,
邢台路桥公司,36,优,5 μg/m3,35 μg/m3,
邢台市环保局,36,优,8 μg/m3,35 μg/m3,
邢台达活泉,28,优,12 μg/m3,27 μg/m3,
许昌市一中,59,良,29 μg/m3,67 μg/m3,PM10
许昌监测站,55,良,37 μg/m3,58 μg/m3,PM10
许昌开发区,55,良,31 μg/m3,59 μg/m3,PM10
徐州淮塔,97,良,73 μg/m3,91 μg/m3,PM2.5
徐州铜山区招生办,96,良,72 μg/m3,119 μg/m3,PM2.5
徐州鼓楼区政府,92,良,69 μg/m3,102 μg/m3,PM2.5
徐州黄河新村,90,良,60 μg/m3,128 μg/m3,PM10
徐州桃园路,81,良,49 μg/m3,110 μg/m3,PM10
徐州农科院,72,良,43 μg/m3,92 μg/m3,PM10
徐州新城区,71,良,52 μg/m3,84 μg/m3,PM2.5
湘潭科大,72,良,47 μg/m3,93 μg/m3,PM10
湘潭昭山,72,良,36 μg/m3,93 μg/m3,PM10
湘潭板塘,70,良,42 μg/m3,89 μg/m3,PM10
湘潭岳塘,65,良,42 μg/m3,78 μg/m3,PM10
湘潭韶山,61,良,31 μg/m3,70 μg/m3,PM10
湘潭江麓,-,-,-,-,-
湘潭市监测站,-,-,-,-,-
襄阳高新管委会,34,优,16 μg/m3,33 μg/m3,
襄阳襄城运动路,30,优,12 μg/m3,29 μg/m3,
襄阳襄州航空路,30,优,10 μg/m3,29 μg/m3,
襄阳樊城新华路,23,优,9 μg/m3,23 μg/m3,
咸宁长江产业园,68,良,26 μg/m3,85 μg/m3,PM10
咸宁市发改委,68,良,29 μg/m3,85 μg/m3,PM10
咸宁咸安区政府,65,良,20 μg/m3,78 μg/m3,PM10
咸宁森林公园(对照点),63,良,25 μg/m3,74 μg/m3,PM10
孝感文化路,53,良,13 μg/m3,55 μg/m3,PM10
孝感东城区,46,优,21 μg/m3,45 μg/m3,
新乡环保东院,63,良,28 μg/m3,74 μg/m3,PM10
新乡市委党校,52,良,24 μg/m3,53 μg/m3,PM10
新乡环保西院,47,优,22 μg/m3,46 μg/m3,
新乡开发区,41,优,29 μg/m3,31 μg/m3,
信阳平桥分局,38,优,12 μg/m3,37 μg/m3,
信阳审计局,29,优,8 μg/m3,28 μg/m3,
信阳南湾水厂,28,优,20 μg/m3,23 μg/m3,
信阳市酿酒公司,27,优,17 μg/m3,26 μg/m3,
新余飞宇,57,良,35 μg/m3,63 μg/m3,PM10
新余第二水厂,56,良,34 μg/m3,61 μg/m3,PM10
新余市气象局,54,良,35 μg/m3,56 μg/m3,PM10
新余北岗(对照点),52,良,34 μg/m3,52 μg/m3,PM10
新余新钢沁园村,52,良,32 μg/m3,52 μg/m3,PM10
忻州开发区,56,良,32 μg/m3,60 μg/m3,PM10
忻州市政府,56,良,28 μg/m3,61 μg/m3,PM10
忻州会展中心,53,良,37 μg/m3,38 μg/m3,PM2.5
宣城鳌峰子站,49,优,25 μg/m3,48 μg/m3,
宣城敬亭山子站,42,优,23 μg/m3,41 μg/m3,
宣城开发区子站,-,-,-,-,-
湘西州吉首市计生局,70,良,32 μg/m3,89 μg/m3,PM10
湘西州州政府,52,良,27 μg/m3,52 μg/m3,PM10
湘西州跃进水库,40,优,28 μg/m3,32 μg/m3,
兴安盟北滨河,24,优,17 μg/m3,22 μg/m3,
兴安盟胜华新制药厂,20,优,7 μg/m3,20 μg/m3,
兴安盟科右前旗环保局,14,优,5 μg/m3,14 μg/m3,
西双版纳州景洪市江北,18,优,5 μg/m3,18 μg/m3,
西双版纳州景洪市江南,16,优,11 μg/m3,16 μg/m3,
锡林郭勒盟市政府,22,优,4 μg/m3,22 μg/m3,
锡林郭勒盟市环保监测站,21,优,4 μg/m3,21 μg/m3,
银川水乡路,61,良,18 μg/m3,70 μg/m3,PM10
银川学院路,59,良,24 μg/m3,66 μg/m3,PM10
银川文昌北街,54,良,37 μg/m3,56 μg/m3,PM10
银川贺兰山东路,49,优,10 μg/m3,48 μg/m3,
银川上海东路,41,优,7 μg/m3,40 μg/m3,
银川贺兰山马莲口(对照点),19,优,6 μg/m3,19 μg/m3,
雅安建安厂,34,优,23 μg/m3,33 μg/m3,
雅安康养中心(对照点),21,优,10 μg/m3,21 μg/m3,
雅安川农大,14,优,8 μg/m3,14 μg/m3,
雅安市政府,-,-,-,-,-
延安百米大道,38,优,14 μg/m3,37 μg/m3,
延安市监测站,35,优,13 μg/m3,34 μg/m3,
延安延大医附院,28,优,4 μg/m3,27 μg/m3,
延安枣园,17,优,7 μg/m3,17 μg/m3,
烟台西郊化工站,65,良,40 μg/m3,78 μg/m3,PM10
烟台轴承厂,65,良,41 μg/m3,79 μg/m3,PM10
烟台福山环保局,63,良,28 μg/m3,75 μg/m3,PM10
烟台莱山环保局,62,良,39 μg/m3,72 μg/m3,PM10
烟台开发区,52,良,34 μg/m3,53 μg/m3,PM10
烟台牟平检察院,46,优,27 μg/m3,45 μg/m3,
宜兴市环保局,35,优,21 μg/m3,34 μg/m3,
宜兴宜园,34,优,24 μg/m3,25 μg/m3,
盐城电厂,30,优,3 μg/m3,29 μg/m3,
盐城市监测站,26,优,6 μg/m3,25 μg/m3,
盐城开发区管委会,22,优,8 μg/m3,22 μg/m3,
盐城宝龙广场,18,优,10 μg/m3,18 μg/m3,
阳江南恩路,82,良,61 μg/m3,78 μg/m3,PM2.5
阳江马南垌,71,良,52 μg/m3,76 μg/m3,PM2.5
阳江鸳鸯湖,71,良,52 μg/m3,69 μg/m3,PM2.5
阳泉白羊墅,56,良,33 μg/m3,60 μg/m3,PM10
阳泉赛鱼,50,优,25 μg/m3,49 μg/m3,
阳泉南庄,46,优,26 μg/m3,45 μg/m3,
阳泉平坦,38,优,27 μg/m3,33 μg/m3,
阳泉市中心,38,优,27 μg/m3,36 μg/m3,
阳泉大,28,优,20 μg/m3,20 μg/m3,
扬州市体育局,58,良,34 μg/m3,64 μg/m3,PM10
扬州邗江监测站,54,良,5 μg/m3,56 μg/m3,PM10
扬州五台山医院,46,优,19 μg/m3,45 μg/m3,
扬州广陵建设局,40,优,12 μg/m3,39 μg/m3,
义乌北苑,51,良,23 μg/m3,51 μg/m3,PM10
义乌江东,41,优,28 μg/m3,40 μg/m3,
宜宾白酒学院,36,优,21 μg/m3,35 μg/m3,
宜宾黄金嘴,33,优,13 μg/m3,32 μg/m3,
宜宾石马中学,31,优,17 μg/m3,30 μg/m3,
宜宾市政府,29,优,17 μg/m3,28 μg/m3,
宜宾市委,27,优,17 μg/m3,26 μg/m3,
宜宾四中,27,优,18 μg/m3,26 μg/m3,
宜昌点军区,63,良,45 μg/m3,57 μg/m3,PM2.5
宜昌夷陵区,58,良,34 μg/m3,65 μg/m3,PM10
宜昌白龙岗,57,良,35 μg/m3,63 μg/m3,PM10
宜昌四零三,54,良,36 μg/m3,57 μg/m3,PM10
宜昌伍家岗,54,良,36 μg/m3,57 μg/m3,PM10
宜春学院北校区,74,良,50 μg/m3,97 μg/m3,PM10
宜春槟榔水业(对照点),73,良,53 μg/m3,88 μg/m3,PM2.5
宜春市广电局,69,良,50 μg/m3,76 μg/m3,PM2.5
宜春市气象局,69,良,50 μg/m3,80 μg/m3,PM2.5
宜春市石油公司,67,良,44 μg/m3,82 μg/m3,PM10
伊春中心医院,7,优,4 μg/m3,7 μg/m3,
伊春汤旺河国家公园,13,优,4 μg/m3,13 μg/m3,
伊春林管局,10,优,7 μg/m3,10 μg/m3,
营口大庆路,46,优,32 μg/m3,32 μg/m3,
营口镜湖西路,46,优,32 μg/m3,42 μg/m3,
营口学府南路,43,优,30 μg/m3,37 μg/m3,
营口西炮台,40,优,28 μg/m3,33 μg/m3,
鹰潭龙虎山,44,优,31 μg/m3,35 μg/m3,
鹰潭体育馆,43,优,30 μg/m3,41 μg/m3,
鹰潭新监测站,39,优,27 μg/m3,38 μg/m3,
鹰潭财苑宾馆,38,优,27 μg/m3,29 μg/m3,
鹰潭三川水表,37,优,23 μg/m3,36 μg/m3,
益阳赫山环保分局,51,良,23 μg/m3,51 μg/m3,PM10
益阳市环保局,45,优,20 μg/m3,44 μg/m3,
益阳资阳区政务中心,44,优,31 μg/m3,-,
益阳市特殊教育学校,37,优,25 μg/m3,36 μg/m3,
益阳甘溪港,-,-,-,-,-
永州冷水滩区环保局,62,良,44 μg/m3,56 μg/m3,PM2.5
永州零陵区环保局,62,良,44 μg/m3,67 μg/m3,PM2.5
永州零陵南津渡,58,良,41 μg/m3,55 μg/m3,PM2.5
永州市环保局,54,良,37 μg/m3,57 μg/m3,PM10
永州市环境监测站,47,优,32 μg/m3,46 μg/m3,
岳阳南湖风景区,69,良,50 μg/m3,75 μg/m3,PM2.5
岳阳城陵矶,62,良,40 μg/m3,72 μg/m3,PM10
岳阳开发区,62,良,40 μg/m3,72 μg/m3,PM10
岳阳云溪区,61,良,37 μg/m3,71 μg/m3,PM10
岳阳金凤水库,56,良,39 μg/m3,-,PM2.5
岳阳君山区,54,良,37 μg/m3,56 μg/m3,PM10
玉林市监测站,92,良,69 μg/m3,124 μg/m3,PM2.5
玉林南江一中,86,良,64 μg/m3,95 μg/m3,PM2.5
玉林寒山水库,68,良,49 μg/m3,66 μg/m3,PM2.5
榆林环保监测大楼,22,优,8 μg/m3,22 μg/m3,
榆林世纪广场,21,优,8 μg/m3,21 μg/m3,
榆林实验中学,18,优,8 μg/m3,18 μg/m3,
榆林红石峡森林公园(对照点),12,优,4 μg/m3,12 μg/m3,
运城禹都开发区,60,良,32 μg/m3,68 μg/m3,PM10
运城空港新区,58,良,17 μg/m3,65 μg/m3,PM10
运城中学,57,良,33 μg/m3,62 μg/m3,PM10
运城外滩首府,54,良,28 μg/m3,56 μg/m3,PM10
运城地区技校,27,优,19 μg/m3,19 μg/m3,
云浮牧羊,70,良,51 μg/m3,76 μg/m3,PM2.5
云浮新市府,67,良,48 μg/m3,71 μg/m3,PM2.5
云浮市监测站,53,良,37 μg/m3,54 μg/m3,PM10
玉溪一中,56,良,18 μg/m3,60 μg/m3,PM10
玉溪文体中心,52,良,17 μg/m3,53 μg/m3,PM10
玉溪东风水库,36,优,18 μg/m3,35 μg/m3,
延边州妇幼医院,15,优,2 μg/m3,15 μg/m3,
延边州朝阳川镇医院,12,优,4 μg/m3,12 μg/m3,
延边州延边医院,-,-,-,-,-
玉树州玉树县结古镇,20,优,5 μg/m3,20 μg/m3,
伊犁哈萨克州市环保局,43,优,19 μg/m3,42 μg/m3,
伊犁哈萨克州第二水厂,42,优,28 μg/m3,41 μg/m3,
伊犁哈萨克州新政府片区,23,优,16 μg/m3,-,
珠海吉大,91,良,68 μg/m3,86 μg/m3,PM2.5
珠海前山,73,良,53 μg/m3,82 μg/m3,PM2.5
珠海唐家,153,中度污染,117 μg/m3,-,PM2.5
珠海斗门,-,-,-,-,-
张家港市监测站,44,优,21 μg/m3,43 μg/m3,
张家港城北小学,42,优,25 μg/m3,41 μg/m3,
张家界永定新区,76,良,44 μg/m3,100 μg/m3,PM10
张家界电业局,59,良,32 μg/m3,66 μg/m3,PM10
张家界袁家界,56,良,28 μg/m3,60 μg/m3,PM10
张家界未央路,53,良,31 μg/m3,54 μg/m3,PM10
张家口世纪豪园,51,良,22 μg/m3,51 μg/m3,PM10
张家口人民公园,45,优,4 μg/m3,44 μg/m3,
张家口北泵房,40,优,8 μg/m3,39 μg/m3,
张家口五金库,40,优,15 μg/m3,39 μg/m3,
张家口烟厂,34,优,12 μg/m3,33 μg/m3,
章丘明水开发区,70,良,40 μg/m3,88 μg/m3,PM10
章丘东山小学(新增191218),28,优,20 μg/m3,-,
张掖监测站,43,优,22 μg/m3,42 μg/m3,
张掖科委,23,优,16 μg/m3,22 μg/m3,
漳州党校,52,良,29 μg/m3,52 μg/m3,PM10
漳州蓝田镇,40,优,28 μg/m3,38 μg/m3,
漳州九湖(对照点),39,优,17 μg/m3,38 μg/m3,
湛江环保局宿舍,78,良,57 μg/m3,84 μg/m3,PM2.5
湛江霞山游泳场,73,良,53 μg/m3,87 μg/m3,PM2.5
湛江坡头区环保局,69,良,50 μg/m3,56 μg/m3,PM2.5
湛江麻章区环保局,65,良,47 μg/m3,64 μg/m3,PM2.5
湛江影剧院,61,良,43 μg/m3,52 μg/m3,PM2.5
湛江市环境监测站,-,-,-,-,-
肇庆坑口子站,73,良,53 μg/m3,65 μg/m3,PM2.5
肇庆七星岩子站,67,良,48 μg/m3,78 μg/m3,PM2.5
肇庆睦岗子站,63,良,45 μg/m3,45 μg/m3,PM2.5
肇庆城中子站,59,良,42 μg/m3,-,PM2.5
昭通监测站,30,优,21 μg/m3,-,
昭通环保局,11,优,8 μg/m3,-,
招远教育局,39,优,22 μg/m3,38 μg/m3,
招远环保局,35,优,17 μg/m3,34 μg/m3,
郑州岗李水库(对照点),59,良,19 μg/m3,67 μg/m3,PM10
郑州市监测站,59,良,23 μg/m3,66 μg/m3,PM10
郑州郑纺机,56,良,17 μg/m3,61 μg/m3,PM10
郑州烟厂,55,良,18 μg/m3,58 μg/m3,PM10
郑州供水公司,50,优,16 μg/m3,49 μg/m3,
郑州河医大,49,优,13 μg/m3,48 μg/m3,
郑州银行学校,49,优,16 μg/m3,48 μg/m3,
郑州四十七中,43,优,13 μg/m3,42 μg/m3,
郑州经开区管委,37,优,15 μg/m3,36 μg/m3,
镇江新区办事处,55,良,38 μg/m3,56 μg/m3,PM2.5
镇江市疾控中心,53,良,37 μg/m3,50 μg/m3,PM2.5
镇江丹徒区监测站,50,优,31 μg/m3,49 μg/m3,
镇江职教中心,43,优,26 μg/m3,42 μg/m3,
中山紫马岭,90,良,67 μg/m3,96 μg/m3,PM2.5
中山张溪,86,良,61 μg/m3,120 μg/m3,PM10
中山华柏园,85,良,63 μg/m3,93 μg/m3,PM2.5
中山长江旅游区,82,良,61 μg/m3,85 μg/m3,PM2.5
中卫环保局站,9,优,6 μg/m3,-,
中卫沙坡头消防站,4,优,3 μg/m3,-,
中卫官桥站,16,优,11 μg/m3,14 μg/m3,
周口市运管处,47,优,15 μg/m3,46 μg/m3,
周口师范,39,优,19 μg/m3,38 μg/m3,
周口川汇区环保局,28,优,17 μg/m3,27 μg/m3,
周口市环境监测站,-,-,-,-,-
舟山临城新区,31,优,13 μg/m3,30 μg/m3,
舟山定海檀枫,27,优,12 μg/m3,26 μg/m3,
舟山普陀东港,24,优,12 μg/m3,24 μg/m3,
诸暨富林印务,43,优,28 μg/m3,42 μg/m3,
诸暨图书馆,36,优,25 μg/m3,32 μg/m3,
枣庄薛城环保局,93,良,70 μg/m3,118 μg/m3,PM2.5
枣庄山亭区环保局,82,良,61 μg/m3,80 μg/m3,PM2.5
枣庄峄城区政府,64,良,34 μg/m3,77 μg/m3,PM10
枣庄市中区政府,63,良,42 μg/m3,74 μg/m3,PM10
枣庄台儿庄区环保局,-,-,-,-,-
驻马店市一纸厂,49,优,24 μg/m3,48 μg/m3,
驻马店天方二分厂,47,优,26 μg/m3,46 μg/m3,
驻马店市彩印厂,41,优,27 μg/m3,40 μg/m3,
株洲市四中,63,良,34 μg/m3,74 μg/m3,PM10
株洲云田中学,62,良,37 μg/m3,72 μg/m3,PM10
株洲市监测站,59,良,41 μg/m3,66 μg/m3,PM10
株洲火车站,56,良,39 μg/m3,54 μg/m3,PM2.5
株洲天台山庄,56,良,-,61 μg/m3,PM10
株洲大京风景区,55,良,38 μg/m3,57 μg/m3,PM2.5
株洲株冶医院,52,良,34 μg/m3,52 μg/m3,PM10
淄博双山,72,良,46 μg/m3,92 μg/m3,PM10
淄博东风化工厂,66,良,34 μg/m3,81 μg/m3,PM10
淄博人民公园,65,良,42 μg/m3,78 μg/m3,PM10
淄博三金集团,59,良,36 μg/m3,67 μg/m3,PM10
淄博莆田园,58,良,41 μg/m3,62 μg/m3,PM2.5
淄博气象站,108,轻度污染,81 μg/m3,99 μg/m3,PM2.5
自贡大塘山,58,良,41 μg/m3,52 μg/m3,PM2.5
自贡春华路,53,良,28 μg/m3,54 μg/m3,PM10
自贡青杠林路,41,优,19 μg/m3,40 μg/m3,
自贡檀木林体育馆,37,优,22 μg/m3,36 μg/m3,
资阳四三一厂,47,优,11 μg/m3,46 μg/m3,
资阳中学,37,优,4 μg/m3,36 μg/m3,
资阳区法院,31,优,11 μg/m3,30 μg/m3,
资阳师范校,24,优,12 μg/m3,24 μg/m3,
资阳莲花山,18,优,3 μg/m3,18 μg/m3,
遵义舟水桥,56,良,20 μg/m3,61 μg/m3,PM10
遵义忠庄,45,优,27 μg/m3,44 μg/m3,
遵义干田坝,43,优,22 μg/m3,42 μg/m3,
遵义凤凰山,40,优,19 μg/m3,39 μg/m3,
遵义丁字口,38,优,25 μg/m3,37 μg/m3,
